timestamp,time_s,drive_pos_turns,drive_encoder_count,drive_wheel_angle_deg,drive_distance_m,drive_distance_since_start_m,drive_velocity_turns_s,drive_velocity_mps,drive_velocity_mph,drive_acceleration_mps2,drive_iq_A,steer_pos_turns,steer_encoder_count,steer_angle_deg,steer_velocity_turns_s,steer_velocity_deg_s,steer_acceleration_deg_s2,gps_received,gps_ros_stamp_s,gps_latitude_deg,gps_longitude_deg,gps_altitude_m,gps_status,gps_service,gps_cov_x_m2,gps_cov_y_m2,gps_cov_z_m2,gps_covariance_type,imu_received,imu_ros_stamp_s,imu_qx,imu_qy,imu_qz,imu_qw,imu_roll_deg,imu_pitch_deg,imu_yaw_deg,imu_gyro_x_rad_s,imu_gyro_y_rad_s,imu_gyro_z_rad_s,imu_accel_x_mps2,imu_accel_y_mps2,imu_accel_z_mps2
2026-09-11T19:02:19.050,7.39200000055007e-06,0.0,0.0,0.0,0.0,0.0,0.0,0.0,0.0,0.0,0.0,0.0,0.0,0.0,0.0,0.0,0.0,0,nan,nan,nan,nan,-999,-999,nan,nan,nan,-999,1,1789167739.0437112,-0.7921293184777028,0.6087017174005999,-0.005012569679510045,-0.044589642147235986,176.29240922115517,-3.567522593144762,-74.96453441109354,0.00017139133254584317,-0.0005532693728822024,-0.0009393362034233482,0.6179170266914368,0.6360593294906617,-9.671906788520813
2026-09-11T19:02:19.084,0.03341100800000163,0.0,0.0,0.0,0.0,0.0,0.0,0.0,0.0,0.0,0.0,0.0,0.0,0.0,0.0,0.0,0.0,0,nan,nan,nan,nan,-999,-999,nan,nan,nan,-999,1,1789167739.0747113,-0.792107328813155,0.6087327972945797,-0.005057933522455625,-0.044550852369924204,176.2992459500716,-3.569083610825981,-74.96906083460007,0.001242848960345162,-0.000415213829049451,0.001380380905402315,0.6188976917076111,0.6375303270149231,-9.675731382083892
2026-09-11T19:02:19.118,0.06682556799999873,0.0,0.0,0.0,0.0,0.0,0.0,0.0,0.0,0.0,0.0,0.0,0.0,0.0,0.0,0.0,0.0,0,nan,nan,nan,nan,-999,-999,nan,nan,nan,-999,1,1789167739.1157112,-0.7921102261414957,0.6087295612126968,-0.005053337582633051,-0.04454407622952804,176.29952853416177,-3.5681771707615266,-74.96860211902428,-0.0010531316706533784,-0.002384294291149454,-0.002099805623074378,0.6226242187690735,0.6358631964874267,-9.684459300727845
2026-09-11T19:02:19.151,0.10023574400000257,0.0,0.0,0.0,0.0,0.0,0.0,0.0,0.0,0.0,0.0,0.0,0.0,0.0,0.0,0.0,0.0,0,nan,nan,nan,nan,-999,-999,nan,nan,nan,-999,1,1789167739.1437113,-0.7920930535618741,0.6087522180329308,-0.0050534134194630004,-0.04453980861908917,176.30002469752546,-3.5679917001221924,-74.97188455733414,0.0003858922976159463,-0.0004206243497306334,0.002257583387454665,0.6177208936882019,0.6365496619987487,-9.675241049575806
2026-09-11T19:02:19.184,0.1336434560000015,0.0,0.0,0.0,0.0,0.0,0.0,0.0,0.0,0.0,0.0,0.0,0.0,0.0,0.0,0.0,0.0,1,1789167739.1598682,38.990237513333334,-76.94017743166667,-9.801999999999996,0,1,38.601369,13.719616000000002,35.141184,1,1,1789167739.1757112,-0.7920536861646955,0.6088084646275524,-0.005144500019233683,-0.04446060897370285,176.31384453389848,-3.5710037769046976,-74.9800857411263,0.0013845696956071016,0.0005052728184523584,0.00034208453339088857,0.6206628887367248,0.6363535289955139,-9.674456517562867
2026-09-11T19:02:19.218,0.16705504000000815,0.0,0.0,0.0,0.0,0.0,0.0,0.0,0.0,0.0,0.0,0.0,0.0,0.0,0.0,0.0,0.0,1,1789167739.1598682,38.990237513333334,-76.94017743166667,-9.801999999999996,0,1,38.601369,13.719616000000002,35.141184,1,1,1789167739.215711,-0.7920554445643133,0.6088076928192897,-0.005090432096165705,-0.044446072955388646,176.3113963982415,-3.565067921448922,-74.98000755619884,-0.001370257995740748,-0.004452858520613133,-0.0018647097728307417,0.6209570882415771,0.6373341940116883,-9.675142983074188
2026-09-11T19:02:19.253,0.20046300799999983,0.0,0.0,0.0,0.0,0.0,0.0,0.0,0.0,0.0,0.0,0.0,0.0,0.0,0.0,0.0,0.0,1,1789167739.1598682,38.990237513333334,-76.94017743166667,-9.801999999999996,0,1,38.601369,13.719616000000002,35.141184,1,1,1789167739.2437112,-0.7920636883059198,0.6087943303676974,-0.005057926886870139,-0.04448588939177357,176.30544216833968,-3.5648316210711957,-74.97803816916637,0.0006649704450098396,0.0007344345492392139,0.0015065682103215052,0.6204667557334901,0.6355689969825745,-9.669455125980377
2026-09-11T19:02:19.284,0.23386860800000875,0.0,0.0,0.0,0.0,0.0,0.0,0.0,0.0,0.0,0.0,0.0,0.0,0.0,0.0,0.0,0.0,1,1789167739.1598682,38.990237513333334,-76.94017743166667,-9.801999999999996,0,1,38.601369,13.719616000000002,35.141184,1,1,1789167739.2757113,-0.7920335327513477,0.6088345385967628,-0.00506630741797737,-0.04447156550238963,176.30751242850468,-3.5647802944416447,-74.98386905397238,0.0004475024202113461,0.0008869763258635182,0.0017280504923995858,0.6201725562286378,0.6355689969825745,-9.677496579113006
2026-09-11T19:02:19.318,0.26727715200000546,0.0,0.0,0.0,0.0,0.0,0.0,0.0,0.0,0.0,0.0,0.0,0.0,0.0,0.0,0.0,0.0,1,1789167739.1598682,38.990237513333334,-76.94017743166667,-9.801999999999996,0,1,38.601369,13.719616000000002,35.141184,1,1,1789167739.3157113,-0.7920014364812625,0.6088784328709732,-0.0050826712229854795,-0.04444035384021506,176.31169458471243,-3.5642918181176246,-74.99025068913204,0.0005590289594137838,-0.001905550477327409,0.0015584044891057368,0.6196822237205505,0.6365496619987487,-9.67347585254669
2026-09-11T19:02:19.352,0.30067910399999676,0.0,0.0,0.0,0.0,0.0,0.0,0.0,0.0,0.0,0.0,0.0,0.0,0.0,0.0,0.0,0.0,1,1789167739.1598682,38.990237513333334,-76.94017743166667,-9.801999999999996,0,1,38.601369,13.719616000000002,35.141184,1,1,1789167739.3437111,-0.7919926740011703,0.6088882922580746,-0.005062817005971266,-0.0444636903943572,176.30822836623054,-3.56416306357966,-74.99165608657978,0.0009719738604356422,0.002120400508247911,0.0013060298792673566,0.623212617778778,0.6365496619987487,-9.675731382083892
2026-09-11T19:02:19.386,0.3340972480000062,0.0,0.0,0.0,0.0,0.0,0.0,0.0,0.0,0.0,0.0,0.0,0.0,0.0,0.0,0.0,0.0,1,1789167739.1598682,38.990237513333334,-76.94017743166667,-9.801999999999996,0,1,38.601369,13.719616000000002,35.141184,1,1,1789167739.3757112,-0.791934213519579,0.6089704187623306,-0.0051872892812216105,-0.0443657814026784,176.32619748085267,-3.5690203642462213,-75.00361534700329,0.0002523746098383801,0.0028209756699984346,0.0008574802615048141,0.6177208936882019,0.6389032580375671,-9.661904005355835
2026-09-11T19:02:19.418,0.3675060799999983,0.0,0.0,0.0,0.0,0.0,0.0,0.0,0.0,0.0,0.0,0.0,0.0,0.0,0.0,0.0,0.0,1,1789167739.1598682,38.990237513333334,-76.94017743166667,-9.801999999999996,0,1,38.601369,13.719616000000002,35.141184,1,1,1789167739.4157112,-0.7919119007232248,0.6089992372698447,-0.005263898972823028,-0.044359461958871804,176.33224539038642,-3.575677593735041,-75.00777125060885,0.0010046115174479362,0.0005579817618625872,-0.0009697049324080495,0.6238990832901,0.6353728639793396,-9.678183044624328
2026-09-11T19:02:19.451,0.40091142400000024,0.0,0.0,0.0,0.0,0.0,0.0,0.0,0.0,0.0,0.0,0.0,0.0,0.0,0.0,0.0,0.0,1,1789167739.1598682,38.990237513333334,-76.94017743166667,-9.801999999999996,0,1,38.601369,13.719616000000002,35.141184,1,1,1789167739.4437113,-0.7918859134223767,0.6090314738710902,-0.005244679523803047,-0.04438307441253141,176.32889936821988,-3.575729756550453,-75.01241341830642,0.0004927064478379993,0.0005977752688080579,0.0029934142000954747,0.6199764232254028,0.637039994506836,-9.670239657993317
2026-09-11T19:02:19.486,0.4343178240000043,0.0,0.0,0.0,0.0,0.0,0.0,0.0,0.0,0.0,0.0,0.0,0.0,0.0,0.0,0.0,0.0,1,1789167739.1598682,38.990237513333334,-76.94017743166667,-9.801999999999996,0,1,38.601369,13.719616000000002,35.141184,1,1,1789167739.475711,-0.7918852698251482,0.6090263356421852,-0.005142192858562099,-0.04447695786370532,176.31317597795677,-3.5729499026526077,-75.01158948558559,-0.0001239183768915974,0.0012147491593880533,0.0011208504456307585,0.6196822237205505,0.637726460018158,-9.6723971210289
2026-09-11T19:02:19.520,0.4677344320000003,0.0,0.0,0.0,0.0,0.0,0.0,0.0,0.0,0.0,0.0,0.0,0.0,0.0,0.0,0.0,0.0,1,1789167739.1598682,38.990237513333334,-76.94017743166667,-9.801999999999996,0,1,38.601369,13.719616000000002,35.141184,1,1,1789167739.5157113,-0.7918861873284583,0.6090201220751043,-0.005069747304440609,-0.04455395479968059,176.30108118654917,-3.5717159215203136,-75.0106226070516,0.0008042477193189871,0.0002860594644018706,-0.0004258603374866164,0.6182112261962891,0.63841292552948,-9.664649867401122
2026-09-11T19:02:19.552,0.5011510399999963,0.0,0.0,0.0,0.0,0.0,0.0,0.0,0.0,0.0,0.0,0.0,0.0,0.0,0.0,0.0,0.0,1,1789167739.1598682,38.990237513333334,-76.94017743166667,-9.801999999999996,0,1,38.601369,13.719616000000002,35.141184,1,1,1789167739.5437112,-0.7918720923437004,0.6090409179086275,-0.005150529404685773,-0.04451091694267765,176.3107293903994,-3.576149193158304,-75.01365736029626,0.00013159782560037244,0.0015625932793105232,-0.0022235494670407763,0.625468147315979,0.6353728639793396,-9.680928906669616
2026-09-11T19:02:19.585,0.5345555199999978,0.0,0.0,0.0,0.0,0.0,0.0,0.0,0.0,0.0,0.0,0.0,0.0,0.0,0.0,0.0,0.0,1,1789167739.1598682,38.990237513333334,-76.94017743166667,-9.801999999999996,0,1,38.601369,13.719616000000002,35.141184,1,1,1789167739.5747113,-0.7918994703171688,0.6090015445217909,-0.005074893361863863,-0.044571214239982046,176.2997838931578,-3.573303328977917,-75.00791273175949,-0.0010796606752836923,-0.0010752973521537064,-0.0026289894522790584,0.6271352778434754,0.6366477285003662,-9.677496579113006
2026-09-11T19:02:19.619,0.5679670720000018,0.0,0.0,0.0,0.0,0.0,0.0,0.0,0.0,0.0,0.0,0.0,0.0,0.0,0.0,0.0,0.0,1,1789167739.1598682,38.990237513333334,-76.94017743166667,-9.801999999999996,0,1,38.601369,13.719616000000002,35.141184,1,1,1789167739.6157112,-0.7919278026040744,0.6089571331037913,-0.004966482439827685,-0.0446866820973359,176.28150409648262,-3.571308500772436,-75.00138728512366,0.0010028661881959417,0.0011922344120373265,0.0014903366482779579,0.622722285270691,0.6348825314712525,-9.679752108650208
2026-09-11T19:02:19.653,0.6013697280000088,0.0,0.0,0.0,0.0,0.0,0.0,0.0,0.0,0.0,0.0,0.0,0.0,0.0,0.0,0.0,0.0,1,1789167739.1598682,38.990237513333334,-76.94017743166667,-9.801999999999996,0,1,38.601369,13.719616000000002,35.141184,1,1,1789167739.6437113,-0.7919214217915108,0.6089657997284668,-0.004955569439628784,-0.04468286920409035,176.28112958497428,-3.5700904839336305,-75.00264941554366,-0.0011814133706749617,-0.0011154399249495759,-0.000506320016003555,0.6206628887367248,0.6365496619987487,-9.675927515087128
2026-09-11T19:02:19.687,0.6347816960000046,0.0,0.0,0.0,0.0,0.0,0.0,0.0,0.0,0.0,0.0,0.0,0.0,0.0,0.0,0.0,0.0,1,1789167739.1598682,38.990237513333334,-76.94017743166667,-9.801999999999996,0,1,38.601369,13.719616000000002,35.141184,1,1,1789167739.6837113,-0.791914539556028,0.6089792405992089,-0.005009083161929188,-0.04461564349924495,176.29104646730218,-3.5703207679899625,-75.00465475857062,0.0014269811964305638,0.0017289231570255827,0.0007525859734599548,0.621153221244812,0.6383148590278624,-9.684165101222993
2026-09-11T19:02:19.720,0.6681928320000026,0.0,0.0,0.0,0.0,0.0,0.0,0.0,0.0,0.0,0.0,0.0,0.0,0.0,0.0,0.0,0.0,1,1789167739.1598682,38.990237513333334,-76.94017743166667,-9.801999999999996,0,1,38.601369,13.719616000000002,35.141184,1,1,1789167739.715711,-0.7919057152883273,0.6089905458961741,-0.0049962979187973084,-0.044619391634905414,176.2898643723646,-3.5694732157920073,-75.00629038130378,0.00018779742751458986,0.0013618804153311755,0.001253670001707527,0.6179170266914368,0.6369419280052184,-9.664453734397888
2026-09-11T19:02:19.752,0.7015915519999965,0.0,0.0,0.0,0.0,0.0,0.0,0.0,0.0,0.0,0.0,0.0,0.0,0.0,0.0,0.0,0.0,1,1789167739.1598682,38.990237513333334,-76.94017743166667,-9.801999999999996,0,1,38.601369,13.719616000000002,35.141184,1,1,1789167739.7437112,-0.7918914626304153,0.6090107322311556,-0.004949837679293752,-0.04460200160622414,176.28829971859048,-3.56412831713756,-75.00924708337298,-0.0003488913174736665,-0.0005906194188748812,0.0013374458058032549,0.6127195021057129,0.6369419280052184,-9.659746542320251
2026-09-11T19:02:19.786,0.734999455999997,0.0,0.0,0.0,0.0,0.0,0.0,0.0,0.0,0.0,0.0,0.0,0.0,0.0,0.0,0.0,0.0,1,1789167739.1598682,38.990237513333334,-76.94017743166667,-9.801999999999996,0,1,38.601369,13.719616000000002,35.141184,1,1,1789167739.7747111,-0.7918892630045706,0.6090145528975314,-0.0048897093654386384,-0.04459551815395231,176.28471453815385,-3.5582264608447636,-75.00982824086607,-0.00046111598837690187,-0.0016065755764607804,-0.0006459463561631014,0.615465364151001,0.637039994506836,-9.678183044624328
2026-09-11T19:02:19.820,0.7684088000000031,0.0,0.0,0.0,0.0,0.0,0.0,0.0,0.0,0.0,0.0,0.0,0.0,0.0,0.0,0.0,0.0,1,1789167739.1598682,38.990237513333334,-76.94017743166667,-9.801999999999996,0,1,38.601369,13.719616000000002,35.141184,1,1,1789167739.8157113,-0.7918996616161217,0.6089964323550776,-0.004839369549852327,-0.044663763986244664,176.27490529397338,-3.5583344006594064,-75.00714490655781,-0.00015899949485668344,0.0022579324533050643,-0.00044052110320336874,0.6182112261962891,0.6331173344421387,-9.674260384559632
2026-09-11T19:02:19.854,0.8018132159999993,0.0,0.0,0.0,0.0,0.0,0.0,0.0,0.0,0.0,0.0,0.0,0.0,0.0,0.0,0.0,0.0,1,1789167739.1598682,38.990237513333334,-76.94017743166667,-9.801999999999996,0,1,38.601369,13.719616000000002,35.141184,1,1,1789167739.8437111,-0.7918747977847361,0.6090364113560258,-0.004978780228553957,-0.04454397853125306,176.29571960059226,-3.5628244442400985,-75.01302065024923,-0.0012192870154432388,-0.000696560904470937,-0.0005223770451219028,0.6212512877464295,0.6323328024291992,-9.67053385749817
2026-09-11T19:02:19.887,0.835236160000008,0.0,0.0,0.0,0.0,0.0,0.0,0.0,0.0,0.0,0.0,0.0,0.0,0.0,0.0,0.0,0.0,1,1789167739.1598682,38.990237513333334,-76.94017743166667,-9.801999999999996,0,1,38.601369,13.719616000000002,35.141184,1,1,1789167739.883711,-0.7918814910826171,0.6090265133324885,-0.004957702822748906,-0.044562667352444726,176.29250263844085,-3.562168125614894,-75.01157371006855,0.0001986184688769547,0.0028911379059286067,-0.0015707963267948964,0.6159556966590882,0.6362554624938964,-9.669455125980377
2026-09-11T19:02:19.919,0.8686452480000071,0.0,0.0,0.0,0.0,0.0,0.0,0.0,0.0,0.0,0.0,0.0,0.0,0.0,0.0,0.0,0.0,1,1789167739.1598682,38.990237513333334,-76.94017743166667,-9.801999999999996,0,1,38.601369,13.719616000000002,35.141184,1,1,1789167739.9157112,-0.7919007910081685,0.6089984692215752,-0.004908242627638017,-0.04460841670271794,176.28475957749708,-3.5607375151984844,-75.00747954470064,-0.0009670869385300581,0.00019826940302655584,-0.0014519394047340828,0.6201725562286378,0.6333134674453735,-9.67347585254669
2026-09-11T19:02:19.953,0.9020491840000062,0.0,0.0,0.0,0.0,0.0,0.0,0.0,0.0,0.0,0.0,0.0,0.0,0.0,0.0,0.0,0.0,1,1789167739.1598682,38.990237513333334,-76.94017743166667,-9.801999999999996,0,1,38.601369,13.719616000000002,35.141184,1,1,1789167739.9437113,-0.7919085977407208,0.6089867330240764,-0.0048854649646313635,-0.044632544819530065,176.28092030429607,-3.560297856512172,-75.00576131532263,0.0007751007208106817,-0.0005766567848589265,0.0009632472141756706,0.6209570882415771,0.6365496619987487,-9.68043857416153
2026-09-11T19:02:19.987,0.9354570560000042,0.0,0.0,0.0,0.0,0.0,0.0,0.0,0.0,0.0,0.0,0.0,0.0,0.0,0.0,0.0,0.0,1,1789167739.1598682,38.990237513333334,-76.94017743166667,-9.801999999999996,0,1,38.601369,13.719616000000002,35.141184,1,1,1789167739.9837112,-0.7919061868185295,0.6089873802316543,-0.004911068127619913,-0.04466366987797478,176.27987285096245,-3.5648039597378567,-75.00580968270324,-0.0009485864484589182,0.00012164944886400476,-0.0020439550870105594,0.6243894157981873,0.6348825314712525,-9.685243832740785
2026-09-11T19:02:20.021,0.9688783680000057,0.0,0.0,0.0,0.0,0.0,0.0,0.0,0.0,0.0,0.0,0.0,0.0,0.0,0.0,0.0,0.0,1,1789167739.1598682,38.990237513333334,-76.94017743166667,-9.801999999999996,0,1,38.601369,13.719616000000002,35.141184,1,1,1789167740.0157113,-0.7919017034572264,0.6089921670352753,-0.004916173585931792,-0.04467732969298278,176.2790058956488,-3.566245277035801,-75.00648457660056,-0.0011397000015522971,0.0011616911501274258,0.0011660544732574115,0.6196822237205505,0.6353728639793396,-9.680732773666382
2026-09-11T19:02:20.054,1.0022886400000033,0.0,0.0,0.0,0.0,0.0,0.0,0.0,0.0,0.0,0.0,0.0,0.0,0.0,0.0,0.0,0.0,1,1789167739.1598682,38.990237513333334,-76.94017743166667,-9.801999999999996,0,1,38.601369,13.719616000000002,35.141184,1,1,1789167740.0437112,-0.791921633543662,0.6089615036437666,-0.0048260836288457135,-0.04475178568803779,176.26580247896723,-3.563113695613932,-75.0019934387146,0.0003324852225049198,-0.0016147786239451539,-0.0007789404451650693,0.621153221244812,0.6358631964874267,-9.676417847595216
2026-09-11T19:02:20.086,1.0356961600000005,0.0,0.0,0.0,0.0,0.0,0.0,0.0,0.0,0.0,0.0,0.0,0.0,0.0,0.0,0.0,0.0,1,1789167739.1598682,38.990237513333334,-76.94017743166667,-9.801999999999996,0,1,38.601369,13.719616000000002,35.141184,1,1,1789167740.0757113,-0.7919402230754001,0.6089370214981815,-0.00476494610348236,-0.04476250900965565,176.2604526072281,-3.558188973953741,-74.99846173252124,0.0007780677805390721,0.00119118721448613,0.000571595330028143,0.6125233691024781,0.6363535289955139,-9.65445095123291
2026-09-11T19:02:20.120,1.0691048320000078,0.0,0.0,0.0,0.0,0.0,0.0,0.0,0.0,0.0,0.0,0.0,0.0,0.0,0.0,0.0,0.0,1,1789167739.1598682,38.990237513333334,-76.94017743166667,-9.801999999999996,0,1,38.601369,13.719616000000002,35.141184,1,1,1789167740.1147113,-0.7919550215547607,0.6089166012390659,-0.0047032173910646685,-0.04478500101412429,176.2540077661837,-3.554051797695883,-74.99550514107615,-0.0016453218858550546,-0.00248691965116672,-0.0009400343351241458,0.6167402286720276,0.6359612629890442,-9.662688537368775
2026-09-11T19:02:20.153,1.102507615999997,0.0,0.0,0.0,0.0,0.0,0.0,0.0,0.0,0.0,0.0,0.0,0.0,0.0,0.0,0.0,0.0,1,1789167739.1598682,38.990237513333334,-76.94017743166667,-9.801999999999996,0,1,38.601369,13.719616000000002,35.141184,1,1,1789167740.1437113,-0.7919682984523625,0.6088981508162306,-0.004678055141059748,-0.044803704971150896,176.250466521909,-3.5529837266680504,-74.99282404541779,0.0011943288071397198,0.0009637708129512688,0.0006550220682734718,0.615465364151001,0.6364515954971314,-9.668474460964202
2026-09-11T19:02:20.188,1.135917120000002,0.0,0.0,0.0,0.0,0.0,0.0,0.0,0.0,0.0,0.0,0.0,0.0,0.0,0.0,0.0,0.0,1,1789167740.1807508,38.99023747,-76.94017747,-9.821999999999996,0,1,38.588944,13.712209,35.141184,1,1,1789167740.1837113,-0.7919575685639647,0.6089138404924663,-0.004730521507783534,-0.044774620235496165,176.25684490417936,-3.55579591879635,-74.99510707635127,0.00041957715217943683,-0.0006068509809184284,0.0005040510879759624,0.6164460291671753,0.637039994506836,-9.673966185054779
2026-09-11T19:02:20.221,1.169341760000009,0.0,0.0,0.0,0.0,0.0,0.0,0.0,0.0,0.0,0.0,0.0,0.0,0.0,0.0,0.0,0.0,1,1789167740.1807508,38.99023747,-76.94017747,-9.821999999999996,0,1,38.588944,13.712209,35.141184,1,1,1789167740.215711,-0.7919611726746936,0.608911427101675,-0.004696357921907032,-0.044747280844706194,176.25694315013283,-3.55076777144451,-74.99480313051619,-0.0010252064026214692,-0.0024830799268123326,-0.0004379031093253773,0.6164460291671753,0.6362554624938964,-9.667984128456116
2026-09-11T19:02:20.253,1.202742176000001,0.0,0.0,0.0,0.0,0.0,0.0,0.0,0.0,0.0,0.0,0.0,0.0,0.0,0.0,0.0,0.0,1,1789167740.1807508,38.99023747,-76.94017747,-9.821999999999996,0,1,38.588944,13.712209,35.141184,1,1,1789167740.2437112,-0.7919591444036514,0.6089172452233018,-0.004758567027137892,-0.04469740602036934,176.26585081368228,-3.552966222069452,-74.99567868221698,0.0012686798332746782,0.0017256070314467936,-0.00010070549784007281,0.6141904996299744,0.6374322605133057,-9.666415064430238
2026-09-11T19:02:20.287,1.236144895999999,0.0,0.0,0.0,0.0,0.0,0.0,0.0,0.0,0.0,0.0,0.0,0.0,0.0,0.0,0.0,0.0,1,1789167740.1807508,38.99023747,-76.94017747,-9.821999999999996,0,1,38.588944,13.712209,35.141184,1,1,1789167740.2757113,-0.7919346544407408,0.608954138176829,-0.004896836974864641,-0.04461369387061999,176.2832843297345,-3.559861455714073,-75.00106318077502,0.0016407840297998691,0.0012868312574954193,0.0007023204910025181,0.6222319527626038,0.6340979994583129,-9.680242441158295
2026-09-11T19:02:20.321,1.269555968000006,0.0,0.0,0.0,0.0,0.0,0.0,0.0,0.0,0.0,0.0,0.0,0.0,0.0,0.0,0.0,0.0,1,1789167740.1807508,38.99023747,-76.94017747,-9.821999999999996,0,1,38.588944,13.712209,35.141184,1,1,1789167740.3157113,-0.7919290245282098,0.6089623064002501,-0.004914909442408172,-0.044600147518355615,176.2858153742266,-3.5605962299045095,-75.00225447800668,0.00014468779499032992,-0.0010733774899765126,-0.00020210912738094337,0.6169363616752623,0.6372361275100707,-9.671710655517579
2026-09-11T19:02:20.355,1.3029664640000078,0.0,0.0,0.0,0.0,0.0,0.0,0.0,0.0,0.0,0.0,0.0,0.0,0.0,0.0,0.0,0.0,1,1789167740.1807508,38.99023747,-76.94017747,-9.821999999999996,0,1,38.588944,13.712209,35.141184,1,1,1789167740.3437111,-0.7919224459730227,0.6089682489636407,-0.004917602364690821,-0.04463550722513179,176.28280828704436,-3.5633400659743826,-75.00307214779559,0.001012989097857509,0.0016856389915761234,0.002131745148385874,0.6224280857658386,0.6350786644744872,-9.677986911621094
2026-09-11T19:02:20.387,1.3363806720000042,0.0,0.0,0.0,0.0,0.0,0.0,0.0,0.0,0.0,0.0,0.0,0.0,0.0,0.0,0.0,0.0,1,1789167740.1807508,38.99023747,-76.94017747,-9.821999999999996,0,1,38.588944,13.712209,35.141184,1,1,1789167740.383711,-0.7919474495001588,0.6089313139294146,-0.004806543523675857,-0.04470782130393716,176.2683100386268,-3.558122481537836,-74.99768393374798,-0.0008065166473465797,-0.0008122762338781609,-0.0016411330956502682,0.6156614971542359,0.6399819895553589,-9.674946850070953
2026-09-11T19:02:20.420,1.3697954560000056,0.0,0.0,0.0,0.0,0.0,0.0,0.0,0.0,0.0,0.0,0.0,0.0,0.0,0.0,0.0,0.0,1,1789167740.1807508,38.99023747,-76.94017747,-9.821999999999996,0,1,38.588944,13.712209,35.141184,1,1,1789167740.4157112,-0.7919345065223842,0.6089502411795593,-0.00485164445673956,-0.04467440757939644,176.27458407075468,-3.559977133276267,-75.00044474323207,0.0007417649320975901,-0.0011590731562494342,0.00038624136346634513,0.6199764232254028,0.637039994506836,-9.668474460964202
2026-09-11T19:02:20.454,1.4031967359999982,0.0,0.0,0.0,0.0,0.0,0.0,0.0,0.0,0.0,0.0,0.0,0.0,0.0,0.0,0.0,0.0,1,1789167740.1807508,38.99023747,-76.94017747,-9.821999999999996,0,1,38.588944,13.712209,35.141184,1,1,1789167740.4437113,-0.7919340783629476,0.608949754297962,-0.004827216306108751,-0.04469127711997441,176.27134160555914,-3.55893272370592,-75.00036356440035,0.00023369958684204075,0.003064623633576843,0.0007951720072086166,0.6166421621704102,0.6362554624938964,-9.678183044624328
2026-09-11T19:02:20.488,1.4366068479999967,0.0,0.0,0.0,0.0,0.0,0.0,0.0,0.0,0.0,0.0,0.0,0.0,0.0,0.0,0.0,0.0,1,1789167740.1807508,38.99023747,-76.94017747,-9.821999999999996,0,1,38.588944,13.712209,35.141184,1,1,1789167740.4837112,-0.7919516257350032,0.6089236291802713,-0.004807154565656707,-0.0447384352273789,176.26552882461112,-3.5602811914164607,-74.99653620206684,0.0006771877497737999,0.00037995817815916554,0.0004949753758655918,0.6191918912124634,0.6333134674453735,-9.672985520038605
2026-09-11T19:02:20.522,1.4700333440000009,0.0,0.0,0.0,0.0,0.0,0.0,0.0,0.0,0.0,0.0,0.0,0.0,0.0,0.0,0.0,0.0,1,1789167740.1807508,38.99023747,-76.94017747,-9.821999999999996,0,1,38.588944,13.712209,35.141184,1,1,1789167740.5147111,-0.7919683451675189,0.6088989213623408,-0.004737782399783491,-0.04478612769967685,176.25623569934595,-3.557189774482929,-74.99293238139533,0.0012098622374824694,0.0007585200929167356,-0.00011379546723003028,0.6199764232254028,0.6355689969825745,-9.678673377132416
2026-09-11T19:02:20.554,1.5034504320000082,0.0,0.0,0.0,0.0,0.0,0.0,0.0,0.0,0.0,0.0,0.0,0.0,0.0,0.0,0.0,0.0,1,1789167740.1807508,38.99023747,-76.94017747,-9.821999999999996,0,1,38.588944,13.712209,35.141184,1,1,1789167740.5437112,-0.7919822031034446,0.6088815187966397,-0.004739172273725589,-0.04477751982268961,176.25703882407498,-3.556632455203561,-74.99042413483313,-0.000626049602690366,0.0008302531251737025,-0.001378286510299922,0.6204667557334901,0.6367457950019837,-9.669455125980377
2026-09-11T19:02:20.587,1.5368619200000069,0.0,0.0,0.0,0.0,0.0,0.0,0.0,0.0,0.0,0.0,0.0,0.0,0.0,0.0,0.0,0.0,1,1789167740.1807508,38.99023747,-76.94017747,-9.821999999999996,0,1,38.588944,13.712209,35.141184,1,1,1789167740.5757113,-0.7919528020085792,0.6089285200051804,-0.004855804234632457,-0.04464569498054178,176.27739260839033,-3.558246764730764,-74.99733398994857,-0.001582664565708458,-0.0012786282100110458,-0.0008798204759303416,0.6174266941833496,0.6365496619987487,-9.667689928951264
2026-09-11T19:02:20.621,1.5702733119999976,0.0,0.0,0.0,0.0,0.0,0.0,0.0,0.0,0.0,0.0,0.0,0.0,0.0,0.0,0.0,0.0,1,1789167740.1807508,38.99023747,-76.94017747,-9.821999999999996,0,1,38.588944,13.712209,35.141184,1,1,1789167740.6157112,-0.7919766380098632,0.6088909790845778,-0.00475551653159642,-0.04474556400958775,176.26113246035078,-3.555930249378925,-74.99182369520362,0.0010056587149991326,0.0013439035240356337,0.0016018631874803956,0.6214474207496643,0.6353728639793396,-9.677496579113006
2026-09-11T19:02:20.655,1.603679679999999,0.0,0.0,0.0,0.0,0.0,0.0,0.0,0.0,0.0,0.0,0.0,0.0,0.0,0.0,0.0,0.0,1,1789167740.1807508,38.99023747,-76.94017747,-9.821999999999996,0,1,38.588944,13.712209,35.141184,1,1,1789167740.6427112,-0.7919705501238598,0.6089017944672348,-0.0047829975440749255,-0.044703191894828485,176.26695769047708,-3.5555190693928105,-74.99342728572717,-0.0009532988374393028,-0.00039880773408070426,-0.001306902543893354,0.6167402286720276,0.6338037999534608,-9.678183044624328
2026-09-11T19:02:20.689,1.6371006079999972,0.0,0.0,0.0,0.0,0.0,0.0,0.0,0.0,0.0,0.0,0.0,0.0,0.0,0.0,0.0,0.0,1,1789167740.1807508,38.99023747,-76.94017747,-9.821999999999996,0,1,38.588944,13.712209,35.141184,1,1,1789167740.6837113,-0.7919787595986418,0.6088896101085585,-0.004747363208066565,-0.044727503719914755,176.26220345452984,-3.5539204399204176,-74.99164979556743,0.0004506440128649359,0.0012021827887736941,0.0013603096190043804,0.6209570882415771,0.6350786644744872,-9.670926123504639
2026-09-11T19:02:20.722,1.6705225919999975,0.0,0.0,0.0,0.0,0.0,0.0,0.0,0.0,0.0,0.0,0.0,0.0,0.0,0.0,0.0,0.0,1,1789167740.1807508,38.99023747,-76.94017747,-9.821999999999996,0,1,38.588944,13.712209,35.141184,1,1,1789167740.715711,-0.7919831695219203,0.6088821742614072,-0.004749978763017609,-0.044750360473017954,176.26026984118045,-3.555720342742891,-74.99054640348861,0.00027925268031909274,0.0015810937693816632,0.0012344713799355893,0.6174266941833496,0.6347844649696349,-9.670239657993317
2026-09-11T19:02:20.754,1.7039230720000091,0.0,0.0,0.0,0.0,0.0,0.0,0.0,0.0,0.0,0.0,0.0,0.0,0.0,0.0,0.0,0.0,1,1789167740.1807508,38.99023747,-76.94017747,-9.821999999999996,0,1,38.588944,13.712209,35.141184,1,1,1789167740.7437112,-0.7919912347784346,0.6088698670194246,-0.004727918554431839,-0.04477740340865481,176.2562125809805,-3.555546022026156,-74.98874295249647,-0.0017222909058680045,-0.0016435765566030602,-0.0012566370614359172,0.6261546128273011,0.6381187260246277,-9.67965404214859
2026-09-11T19:02:20.788,1.737329152000001,0.0,0.0,0.0,0.0,0.0,0.0,0.0,0.0,0.0,0.0,0.0,0.0,0.0,0.0,0.0,0.0,1,1789167740.1807508,38.99023747,-76.94017747,-9.821999999999996,0,1,38.588944,13.712209,35.141184,1,1,1789167740.7827113,-0.7919993256003591,0.6088589215654283,-0.004750077136613108,-0.04478078433833206,176.25740021000598,-3.5577454009724816,-74.98714689317391,0.0006913249167149539,0.0025192082423286153,0.0013559462958743944,0.6199764232254028,0.6350786644744872,-9.679752108650208
2026-09-11T19:02:20.822,1.7707369919999962,0.0,0.0,0.0,0.0,0.0,0.0,0.0,0.0,0.0,0.0,0.0,0.0,0.0,0.0,0.0,0.0,1,1789167740.1807508,38.99023747,-76.94017747,-9.821999999999996,0,1,38.588944,13.712209,35.141184,1,1,1789167740.8157113,-0.7920288638837227,0.6088136288715768,-0.004688858936641379,-0.04488049328108839,176.24384362397373,-3.558931377936798,-74.98050242856772,-0.000950157244785713,0.0010143853612591043,-0.00043406338497098976,0.6241932827949523,0.6381187260246277,-9.683380569210053
2026-09-11T19:02:20.856,1.8041528319999998,0.0,0.0,0.0,0.0,0.0,0.0,0.0,0.0,0.0,0.0,0.0,0.0,0.0,0.0,0.0,0.0,1,1789167740.1807508,38.99023747,-76.94017747,-9.821999999999996,0,1,38.588944,13.712209,35.141184,1,1,1789167740.8437111,-0.7920074207886707,0.6088479145996829,-0.00480654270486489,-0.04478123993952649,176.26124574483072,-3.5628596485820276,-74.98553243701025,-0.001006182313774731,-0.0010170033551370958,-0.0011620402159778246,0.6184073591995239,0.6365496619987487,-9.669455125980377
2026-09-11T19:02:20.889,1.837571968000006,0.0,0.0,0.0,0.0,0.0,0.0,0.0,0.0,0.0,0.0,0.0,0.0,0.0,0.0,0.0,0.0,1,1789167740.1807508,38.99023747,-76.94017747,-9.821999999999996,0,1,38.588944,13.712209,35.141184,1,1,1789167740.883711,-0.7920164443470724,0.60883601908306,-0.004780676470538437,-0.044786146110115645,176.25894201304473,-3.560794299730764,-74.98381558366872,0.00039147735122232807,0.0018779742751458986,0.0006035348553396391,0.6199764232254028,0.6343921989631652,-9.67543718257904
2026-09-11T19:02:20.922,1.870981056000005,0.0,0.0,0.0,0.0,0.0,0.0,0.0,0.0,0.0,0.0,0.0,0.0,0.0,0.0,0.0,0.0,1,1789167740.1807508,38.99023747,-76.94017747,-9.821999999999996,0,1,38.588944,13.712209,35.141184,1,1,1789167740.9147112,-0.7920097145492421,0.6088451533731655,-0.0047721779893625865,-0.04478188909450474,176.25877848360392,-3.5597672012648,-74.98514524629545,-0.0011849040291789504,-0.0001900663555421825,0.0005567600313861911,0.6196822237205505,0.6378245265197754,-9.676417847595216
2026-09-11T19:02:20.955,1.9043824320000056,0.0,0.0,0.0,0.0,0.0,0.0,0.0,0.0,0.0,0.0,0.0,0.0,0.0,0.0,0.0,0.0,1,1789167740.1807508,38.99023747,-76.94017747,-9.821999999999996,0,1,38.588944,13.712209,35.141184,1,1,1789167740.9437113,-0.7920086646706611,0.6088466684718317,-0.004810668793604317,-0.04477573944789569,176.26202899626833,-3.562844621525641,-74.98535702861909,-0.0002843141351498763,-0.002968630524717155,-0.0008836602002847291,0.6201725562286378,0.6381187260246277,-9.682890236701965
2026-09-11T19:02:20.989,1.9377898240000064,0.0,0.0,0.0,0.0,0.0,0.0,0.0,0.0,0.0,0.0,0.0,0.0,0.0,0.0,0.0,0.0,1,1789167740.1807508,38.99023747,-76.94017747,-9.821999999999996,0,1,38.588944,13.712209,35.141184,1,1,1789167740.9837112,-0.7920321162206373,0.6088150379981466,-0.004767962607445791,-0.044795568027968996,176.25710292656902,-3.560197463841252,-74.98077418594214,-0.0015042992822939126,-0.00039426987802551903,-0.0011524409050918559,0.623408750782013,0.6337057334518432,-9.681713438682557
2026-09-11T19:02:21.023,1.9712157760000082,0.0,0.0,0.0,0.0,0.0,0.0,0.0,0.0,0.0,0.0,0.0,0.0,0.0,0.0,0.0,0.0,1,1789167740.1807508,38.99023747,-76.94017747,-9.821999999999996,0,1,38.588944,13.712209,35.141184,1,1,1789167741.0157113,-0.7920367782443628,0.6088118241283899,-0.004828702689172284,-0.04475028871518159,176.26544868436508,-3.562541957822753,-74.98033913683582,-0.0016119860971419628,-2.7576202181510406e-05,-0.0018256143975860686,0.6179170266914368,0.6367457950019837,-9.66896479347229
2026-09-11T19:02:21.056,2.004626688000002,0.0,0.0,0.0,0.0,0.0,0.0,0.0,0.0,0.0,0.0,0.0,0.0,0.0,0.0,0.0,0.0,1,1789167740.1807508,38.99023747,-76.94017747,-9.821999999999996,0,1,38.588944,13.712209,35.141184,1,1,1789167741.0437112,-0.792023376714264,0.6088317327960197,-0.004889767684058906,-0.04470997708260427,176.2734684192879,-3.5653718960692293,-74.98324409671244,0.000424464074085021,-0.0016339772457170912,0.0001398008730847458,0.6189957582092285,0.6336076669502259,-9.67622171459198
2026-09-11T19:02:21.089,2.0380497280000043,0.0,0.0,0.0,0.0,0.0,0.0,0.0,0.0,0.0,0.0,0.0,0.0,0.0,0.0,0.0,0.0,1,1789167740.1807508,38.99023747,-76.94017747,-9.821999999999996,0,1,38.588944,13.712209,35.141184,1,1,1789167741.0837111,-0.7919932413658792,0.6088739236087144,-0.004949845137963084,-0.0446626221040341,176.28216154363417,-3.567724057020116,-74.98938219907662,-0.0014234905379265752,0.0014821336007935846,0.0007333873516880173,0.6199764232254028,0.6373341940116883,-9.676908180103302
2026-09-11T19:02:21.122,2.0714587200000096,0.0,0.0,0.0,0.0,0.0,0.0,0.0,0.0,0.0,0.0,0.0,0.0,0.0,0.0,0.0,0.0,1,1789167740.1807508,38.99023747,-76.94017747,-9.821999999999996,0,1,38.588944,13.712209,35.141184,1,1,1789167741.1157112,-0.7920061407424722,0.6088528960084801,-0.004867961357080065,-0.044729486924492634,176.2702656511426,-3.5648517674778177,-74.98629085148976,-0.0008789478113043444,-0.001843940354732009,0.0005335471523346666,0.623212617778778,0.6363535289955139,-9.678673377132416
2026-09-11T19:02:21.157,2.1048700160000067,0.0,0.0,0.0,0.0,0.0,0.0,0.0,0.0,0.0,0.0,0.0,0.0,0.0,0.0,0.0,0.0,1,1789167740.1807508,38.99023747,-76.94017747,-9.821999999999996,0,1,38.588944,13.712209,35.141184,1,1,1789167741.1557112,-0.7920414745685269,0.6088017369281302,-0.004788244409863605,-0.044808708886514996,176.25725955916144,-3.5628970687766937,-74.97882689193911,0.0007195992505972621,0.0021224949033503042,-0.0008820894039579342,0.6204667557334901,0.6348825314712525,-9.678183044624328
2026-09-11T19:02:21.191,2.1382926080000004,0.0,0.0,0.0,0.0,0.0,0.0,0.0,0.0,0.0,0.0,0.0,0.0,0.0,0.0,0.0,0.0,1,1789167741.1692681,38.99023742166667,-76.940177475,-9.830999999999996,0,1,38.564099999999996,13.704804,35.129329,1,1,1789167741.1837113,-0.7920444222750243,0.6088011105377232,-0.004823136757079691,-0.04476134831392369,176.26400474523834,-3.5627580487762986,-74.9787784155292,-0.0013550736312483976,-0.0018699457605867247,-0.0023109904625656917,0.6194860907173158,0.6382167925262451,-9.661904005355835
2026-09-11T19:02:21.223,2.1717056960000036,0.0,0.0,0.0,0.0,0.0,0.0,0.0,0.0,0.0,0.0,0.0,0.0,0.0,0.0,0.0,0.0,1,1789167741.1692681,38.99023742166667,-76.940177475,-9.830999999999996,0,1,38.564099999999996,13.704804,35.129329,1,1,1789167741.215711,-0.7920654401358233,0.6087716777331024,-0.00474687346542563,-0.04479788080670739,176.25522741672023,-3.558236516477106,-74.97450704116632,-0.0005288347633542819,-0.0017643533408410678,-0.0004071853144902771,0.6241932827949523,0.6358631964874267,-9.67347585254669
2026-09-11T19:02:21.256,2.205125792000004,0.0,0.0,0.0,0.0,0.0,0.0,0.0,0.0,0.0,0.0,0.0,0.0,0.0,0.0,0.0,0.0,1,1789167741.1692681,38.99023742166667,-76.940177475,-9.830999999999996,0,1,38.564099999999996,13.704804,35.129329,1,1,1789167741.2427113,-0.7920500450388122,0.6087951821114858,-0.004836850716014377,-0.04474100207873781,176.2667881194557,-3.562555656425069,-74.97793944969396,0.0014154620233674013,0.0013124875974997359,-0.00045675266524691603,0.6185054257011414,0.6333134674453735,-9.671220323009491
2026-09-11T19:02:21.289,2.2385318080000047,0.0,0.0,0.0,0.0,0.0,0.0,0.0,0.0,0.0,0.0,0.0,0.0,0.0,0.0,0.0,0.0,1,1789167741.1692681,38.99023742166667,-76.940177475,-9.830999999999996,0,1,38.564099999999996,13.704804,35.129329,1,1,1789167741.2837112,-0.7920683059593105,0.6087714609963333,-0.00484668517691964,-0.04473943019232124,176.2675102759916,-3.5632284248040045,-74.9745061210257,0.00016702800941585734,-0.0023855160216258494,-0.0006359979794267337,0.6191918912124634,0.6350786644744872,-9.67847724412918
2026-09-11T19:02:21.322,2.2719403520000014,0.0,0.0,0.0,0.0,0.0,0.0,0.0,0.0,0.0,0.0,0.0,0.0,0.0,0.0,0.0,0.0,1,1789167741.1692681,38.99023742166667,-76.940177475,-9.830999999999996,0,1,38.564099999999996,13.704804,35.129329,1,1,1789167741.3157113,-0.792057355502298,0.6087895776263914,-0.00486148332471319,-0.04468514012588312,176.27357042460235,-3.5608663934604117,-74.97718486449807,0.0007782423134642715,-0.0032122784882955635,0.0007084291433844984,0.6182112261962891,0.6372361275100707,-9.675927515087128
2026-09-11T19:02:21.357,2.3053492800000015,0.0,0.0,0.0,0.0,0.0,0.0,0.0,0.0,0.0,0.0,0.0,0.0,0.0,0.0,0.0,0.0,1,1789167741.1692681,38.99023742166667,-76.940177475,-9.830999999999996,0,1,38.564099999999996,13.704804,35.129329,1,1,1789167741.3557112,-0.7920853947744246,0.6087466776528468,-0.004726036414990148,-0.044786989310165726,176.25465534659017,-3.5554626280860537,-74.97091144715398,-0.0008756316857255551,0.00013473941825396224,-0.0005119050696099368,0.6201725562286378,0.6363535289955139,-9.675927515087128
2026-09-11T19:02:21.390,2.338772000000006,0.0,0.0,0.0,0.0,0.0,0.0,0.0,0.0,0.0,0.0,0.0,0.0,0.0,0.0,0.0,0.0,1,1789167741.1692681,38.99023742166667,-76.940177475,-9.830999999999996,0,1,38.564099999999996,13.704804,35.129329,1,1,1789167741.383711,-0.7920779765331387,0.6087609992535464,-0.004788495495697466,-0.044716833406226356,176.2654663507929,-3.556308871174506,-74.97304081574403,0.0009674360043804568,-0.0018832102629018814,-0.0010028661881959417,0.6216435537528991,0.6368438615036011,-9.680928906669616
2026-09-11T19:02:21.423,2.3721801279999966,0.0,0.0,0.0,0.0,0.0,0.0,0.0,0.0,0.0,0.0,0.0,0.0,0.0,0.0,0.0,0.0,1,1789167741.1692681,38.99023742166667,-76.940177475,-9.830999999999996,0,1,38.564099999999996,13.704804,35.129329,1,1,1789167741.4157112,-0.7920565521452171,0.6087952172958162,-0.004911818936300699,-0.04461698820301662,176.28331486206062,-3.560708661946115,-74.97806227264961,0.0011901400169349334,-0.0018017033868337464,-0.0008271115325201128,0.6206628887367248,0.6353728639793396,-9.68043857416153
2026-09-11T19:02:21.456,2.4055826240000044,0.0,0.0,0.0,0.0,0.0,0.0,0.0,0.0,0.0,0.0,0.0,0.0,0.0,0.0,0.0,0.0,1,1789167741.1692681,38.99023742166667,-76.940177475,-9.830999999999996,0,1,38.564099999999996,13.704804,35.129329,1,1,1789167741.4437113,-0.7920521965643192,0.608801649267548,-0.004909202426820892,-0.04460683241705458,176.2840867807614,-3.5597913405353543,-74.97900551113892,0.00013037609512397643,0.002335599605018812,-0.00011187560505283652,0.6179170266914368,0.6345883319664002,-9.672200988025665
2026-09-11T19:02:21.490,2.439089152000008,0.0,0.0,0.0,0.0,0.0,0.0,0.0,0.0,0.0,0.0,0.0,0.0,0.0,0.0,0.0,0.0,1,1789167741.1692681,38.99023742166667,-76.940177475,-9.830999999999996,0,1,38.564099999999996,13.704804,35.129329,1,1,1789167741.4837112,-0.7920492770998434,0.6088073089792209,-0.004981542716837057,-0.04457339353533067,176.2922021339742,-3.5640597988028833,-74.97983847442337,0.0013154546572281263,-0.0009552186996164965,-0.000312413936106985,0.622722285270691,0.6343921989631652,-9.674260384559632
2026-09-11T19:02:21.524,2.472511904000001,0.0,0.0,0.0,0.0,0.0,0.0,0.0,0.0,0.0,0.0,0.0,0.0,0.0,0.0,0.0,0.0,1,1789167741.1692681,38.99023742166667,-76.940177475,-9.830999999999996,0,1,38.564099999999996,13.704804,35.129329,1,1,1789167741.5147111,-0.7920347603525051,0.6088258057219709,-0.004987227633762606,-0.04457806905723965,176.29225557864203,-3.5649899476767946,-74.98250698246437,0.00102189027704268,-0.0004105014400690663,0.0012932889757277981,0.6204667557334901,0.637039994506836,-9.676908180103302
2026-09-11T19:02:21.557,2.505925407999996,0.0,0.0,0.0,0.0,0.0,0.0,0.0,0.0,0.0,0.0,0.0,0.0,0.0,0.0,0.0,0.0,1,1789167741.1692681,38.99023742166667,-76.940177475,-9.830999999999996,0,1,38.564099999999996,13.704804,35.129329,1,1,1789167741.5557113,-0.7920406950444383,0.6088182451850739,-0.004918096124696842,-0.04458356259652673,176.28690168221806,-3.559052048739832,-74.98143039285917,-0.0007895869536022347,-0.0017563248262818937,0.0004907865856608054,0.6191918912124634,0.6383148590278624,-9.677888845119476
2026-09-11T19:02:21.590,2.539331232000009,0.0,0.0,0.0,0.0,0.0,0.0,0.0,0.0,0.0,0.0,0.0,0.0,0.0,0.0,0.0,0.0,1,1789167741.1692681,38.99023742166667,-76.940177475,-9.830999999999996,0,1,38.564099999999996,13.704804,35.129329,1,1,1789167741.5837111,-0.7920252501342852,0.608838996441702,-0.004926793037515308,-0.044573605103802275,176.28850847540915,-3.559244345605893,-74.98444102673346,0.0012238248714984239,-0.00024068090385001806,0.001470265361880023,0.6172305611801147,0.6352747974777222,-9.673181653041839
2026-09-11T19:02:21.623,2.5727422399999966,0.0,0.0,0.0,0.0,0.0,0.0,0.0,0.0,0.0,0.0,0.0,0.0,0.0,0.0,0.0,0.0,1,1789167741.1692681,38.99023742166667,-76.940177475,-9.830999999999996,0,1,38.564099999999996,13.704804,35.129329,1,1,1789167741.6157112,-0.7920451141242898,0.6088085781088683,-0.0048632556345278456,-0.044643041535403,176.27761545682358,-3.558175553754593,-74.97998200155085,0.0016219344738783305,0.001932603080733321,-0.000799011731563004,0.621153221244812,0.6373341940116883,-9.67543718257904
2026-09-11T19:02:21.657,2.6061459520000057,0.0,0.0,0.0,0.0,0.0,0.0,0.0,0.0,0.0,0.0,0.0,0.0,0.0,0.0,0.0,0.0,1,1789167741.1692681,38.99023742166667,-76.940177475,-9.830999999999996,0,1,38.564099999999996,13.704804,35.129329,1,1,1789167741.6557112,-0.7920474445232791,0.6088065207887777,-0.004844413644355112,-0.04463179948925214,176.27731714562782,-3.555667068689709,-74.97970431494855,-3.403392041388942e-05,-0.0010367255756846318,-0.0008360127117052838,0.6144846991348266,0.6357651299858094,-9.668670593967438
2026-09-11T19:02:21.692,2.6395683840000004,0.0,0.0,0.0,0.0,0.0,0.0,0.0,0.0,0.0,0.0,0.0,0.0,0.0,0.0,0.0,0.0,1,1789167741.1692681,38.99023742166667,-76.940177475,-9.830999999999996,0,1,38.564099999999996,13.704804,35.129329,1,1,1789167741.6837113,-0.7920617199202925,0.608785517715945,-0.004818442803641513,-0.044667749721525526,176.2721366296285,-3.555718415513378,-74.97663361903662,0.0006489134158914917,0.0015793484401296688,-5.759586531581287e-05,0.6194860907173158,0.637039994506836,-9.671906788520813
2026-09-11T19:02:21.724,2.6729964480000064,0.0,0.0,0.0,0.0,0.0,0.0,0.0,0.0,0.0,0.0,0.0,0.0,0.0,0.0,0.0,0.0,1,1789167741.1692681,38.99023742166667,-76.940177475,-9.830999999999996,0,1,38.564099999999996,13.704804,35.129329,1,1,1789167741.715711,-0.7920805285707165,0.6087560281864625,-0.004774480269412454,-0.044740795074903104,176.2622835678801,-3.556684946113227,-74.97229911533385,0.0011000810275320259,0.0019029324834494176,0.001084023998413678,0.6204667557334901,0.6321366694259644,-9.673966185054779
2026-09-11T19:02:21.757,2.7063976000000025,0.0,0.0,0.0,0.0,0.0,0.0,0.0,0.0,0.0,0.0,0.0,0.0,0.0,0.0,0.0,0.0,1,1789167741.1692681,38.99023742166667,-76.940177475,-9.830999999999996,0,1,38.564099999999996,13.704804,35.129329,1,1,1789167741.7557113,-0.7920808724625159,0.6087578727708072,-0.004793375646523856,-0.04470757618673522,176.26663607677565,-3.556091201294489,-74.9725974912452,0.0012123056984352611,-0.00046862090416047744,-0.00037123153189919393,0.621153221244812,0.6365496619987487,-9.670239657993317
2026-09-11T19:02:21.790,2.739803808000005,0.0,0.0,0.0,0.0,0.0,0.0,0.0,0.0,0.0,0.0,0.0,0.0,0.0,0.0,0.0,0.0,1,1789167741.1692681,38.99023742166667,-76.940177475,-9.830999999999996,0,1,38.564099999999996,13.704804,35.129329,1,1,1789167741.7827113,-0.7920977701479076,0.6087340418337359,-0.004750710647449333,-0.04473722820895383,176.2608532065075,-3.5541704935119065,-74.9691319753713,0.0010105456369047167,0.0019106119321581924,0.0007559020990387441,0.6172305611801147,0.6330192679405212,-9.667003463439942
2026-09-11T19:02:21.825,2.7732136639999965,0.0,0.0,0.0,0.0,0.0,0.0,0.0,0.0,0.0,0.0,0.0,0.0,0.0,0.0,0.0,0.0,1,1789167741.1692681,38.99023742166667,-76.940177475,-9.830999999999996,0,1,38.564099999999996,13.704804,35.129329,1,1,1789167741.8157113,-0.792106362626919,0.60872091969283,-0.004745261166931712,-0.044764212388077256,176.25795546295592,-3.5554980744770703,-74.96720448923202,-0.00019565140914856434,0.0011007791592328236,0.00024399702942880727,0.6201725562286378,0.6375303270149231,-9.676417847595216
2026-09-11T19:02:21.859,2.8066311040000045,0.0,0.0,0.0,0.0,0.0,0.0,0.0,0.0,0.0,0.0,0.0,0.0,0.0,0.0,0.0,0.0,1,1789167741.1692681,38.99023742166667,-76.940177475,-9.830999999999996,0,1,38.564099999999996,13.704804,35.129329,1,1,1789167741.8557112,-0.7920628204264755,0.6087861533503308,-0.004876366389760631,-0.044633272765923736,176.279318898457,-3.5585799766039425,-74.97674463451423,0.0003249803067213442,-0.0009761626506404285,0.000324107642095347,0.6209570882415771,0.6368438615036011,-9.672691320533753
2026-09-11T19:02:21.892,2.840051840000001,0.0,0.0,0.0,0.0,0.0,0.0,0.0,0.0,0.0,0.0,0.0,0.0,0.0,0.0,0.0,0.0,1,1789167741.1692681,38.99023742166667,-76.940177475,-9.830999999999996,0,1,38.564099999999996,13.704804,35.129329,1,1,1789167741.883711,-0.7920692340362852,0.6087782386204114,-0.004869789906687101,-0.04462812814433048,176.27929374465342,-3.5575853585714197,-74.97560803980016,-7.504915783575618e-05,0.001852317935141582,-8.552113334772215e-06,0.6187015587043762,0.6365496619987487,-9.675241049575806
2026-09-11T19:02:21.924,2.873458976000009,0.0,0.0,0.0,0.0,0.0,0.0,0.0,0.0,0.0,0.0,0.0,0.0,0.0,0.0,0.0,0.0,1,1789167741.1692681,38.99023742166667,-76.940177475,-9.830999999999996,0,1,38.564099999999996,13.704804,35.129329,1,1,1789167741.9157112,-0.7920742000254493,0.6087700913807874,-0.00483464847246508,-0.044654940022573475,176.2743643606106,-3.5562246249473652,-74.97441098584541,-0.00031066860685499063,0.0008414232323864663,8.761552845011535e-05,0.6179170266914368,0.6375303270149231,-9.67739851261139
2026-09-11T19:02:21.957,2.9068624960000022,0.0,0.0,0.0,0.0,0.0,0.0,0.0,0.0,0.0,0.0,0.0,0.0,0.0,0.0,0.0,0.0,1,1789167741.1692681,38.99023742166667,-76.940177475,-9.830999999999996,0,1,38.564099999999996,13.704804,35.129329,1,1,1789167741.9557111,-0.7920748765783032,0.6087698695991199,-0.004867161120941868,-0.044642429418201394,176.2777697299808,-3.5583061506609734,-74.97438164870073,0.0014620623143956498,0.0012995721610349778,0.00017767451785302273,0.6189957582092285,0.6352747974777222,-9.673966185054779
2026-09-11T19:02:21.992,2.940270464000008,0.0,0.0,0.0,0.0,0.0,0.0,0.0,0.0,0.0,0.0,0.0,0.0,0.0,0.0,0.0,0.0,1,1789167741.1692681,38.99023742166667,-76.940177475,-9.830999999999996,0,1,38.564099999999996,13.704804,35.129329,1,1,1789167741.9827113,-0.7920781831764577,0.6087638535246301,-0.004827059954179573,-0.0446701451746387,176.2724218281459,-3.556567496112554,-74.97349370013035,-0.0001275835683207855,-0.00040840704496667313,0.0008580038602804124,0.6204667557334901,0.6387071250343322,-9.668670593967438
2026-09-11T19:02:22.026,2.9736967679999964,0.0,0.0,0.0,0.0,0.0,0.0,0.0,0.0,0.0,0.0,0.0,0.0,0.0,0.0,0.0,0.0,1,1789167741.1692681,38.99023742166667,-76.940177475,-9.830999999999996,0,1,38.564099999999996,13.704804,35.129329,1,1,1789167742.0157113,-0.7920963593912372,0.6087395301437786,-0.004762739821459267,-0.04468621922777485,176.2663646534031,-3.5517268197653693,-74.96998065809943,-0.0013836970309811045,-0.0010239846721450732,-0.0016646950405521917,0.6179170266914368,0.6380206595230103,-9.667199596443176
2026-09-11T19:02:22.058,3.0071077440000096,0.0,0.0,0.0,0.0,0.0,0.0,0.0,0.0,0.0,0.0,0.0,0.0,0.0,0.0,0.0,0.0,1,1789167741.1692681,38.99023742166667,-76.940177475,-9.830999999999996,0,1,38.564099999999996,13.704804,35.129329,1,1,1789167742.0557113,-0.7920745796520743,0.6087689431339631,-0.004816435554208039,-0.04466582690490794,176.2720975884407,-3.5553235949256554,-74.9742389253477,0.0018860027897050725,0.0016022122533307947,0.00015899949485668344,0.6144846991348266,0.6357651299858094,-9.66974932548523
2026-09-11T19:02:22.091,3.040515808000009,0.0,0.0,0.0,0.0,0.0,0.0,0.0,0.0,0.0,0.0,0.0,0.0,0.0,0.0,0.0,0.0,1,1789167741.1692681,38.99023742166667,-76.940177475,-9.830999999999996,0,1,38.564099999999996,13.704804,35.129329,1,1,1789167742.0837111,-0.7920975334747516,0.6087363023102734,-0.004729066055200095,-0.044712947197381975,176.26156739301518,-3.5505165554532945,-74.96949565707432,-0.0017416640605651414,-0.0004171336912266448,0.00018291050560900572,0.6219377532577515,0.6368438615036011,-9.67622171459198
2026-09-11T19:02:22.124,3.073923424,0.0,0.0,0.0,0.0,0.0,0.0,0.0,0.0,0.0,0.0,0.0,0.0,0.0,0.0,0.0,0.0,1,1789167741.1692681,38.99023742166667,-76.940177475,-9.830999999999996,0,1,38.564099999999996,13.704804,35.129329,1,1,1789167742.1157112,-0.7920598130992107,0.6087941272195243,-0.004880825301901765,-0.044577356142252916,176.28476083054596,-3.5551162201741984,-74.97796172889342,-0.0009171705219230201,-0.0009983283321407565,-0.0010524335389525807,0.6162498961639403,0.6342941324615479,-9.675927515087128
2026-09-11T19:02:22.158,3.107325664000001,0.0,0.0,0.0,0.0,0.0,0.0,0.0,0.0,0.0,0.0,0.0,0.0,0.0,0.0,0.0,0.0,1,1789167741.1692681,38.99023742166667,-76.940177475,-9.830999999999996,0,1,38.564099999999996,13.704804,35.129329,1,1,1789167742.1557112,-0.7920539894857008,0.608800542910857,-0.004892608267686689,-0.044591917155127184,176.28428415530726,-3.5572350951728007,-74.97886869705285,0.0006326818538479445,0.0018104300330937181,0.0005146975964131278,0.6162498961639403,0.6367457950019837,-9.662492404365539
2026-09-11T19:02:22.194,3.14075324800001,0.0,0.0,0.0,0.0,0.0,0.0,0.0,0.0,0.0,0.0,0.0,0.0,0.0,0.0,0.0,0.0,1,1789167742.1662261,38.99023734166666,-76.94017744166666,-9.843999999999998,0,1,38.551680999999995,13.697401000000001,35.129329,1,1,1789167742.1837113,-0.7920517661722615,0.6088030371348707,-0.004892953711499356,-0.04459731699032684,176.28382738257477,-3.5576554695714835,-74.97922310532789,-0.0023202407076012618,-0.0016247270006815215,-0.0018022269856093449,0.6229184182739257,0.6363535289955139,-9.68122310617447
2026-09-11T19:02:22.227,3.174172960000007,0.0,0.0,0.0,0.0,0.0,0.0,0.0,0.0,0.0,0.0,0.0,0.0,0.0,0.0,0.0,0.0,1,1789167742.1662261,38.99023734166666,-76.94017744166666,-9.843999999999998,0,1,38.551680999999995,13.697401000000001,35.129329,1,1,1789167742.2237113,-0.7920295003084536,0.6088317180581624,-0.004958334331810988,-0.04459399789368077,176.28881646572174,-3.5635032213415117,-74.98335345905913,0.0005499532473034133,0.002021614872585032,0.0010210176124166828,0.6189957582092285,0.6372361275100707,-9.666905396938324
2026-09-11T19:02:22.260,3.207582880000004,0.0,0.0,0.0,0.0,0.0,0.0,0.0,0.0,0.0,0.0,0.0,0.0,0.0,0.0,0.0,0.0,1,1789167742.1662261,38.99023734166666,-76.94017744166666,-9.843999999999998,0,1,38.551680999999995,13.697401000000001,35.129329,1,1,1789167742.2557113,-0.7920369318041407,0.6088198099494244,-0.004935380844365236,-0.04462711829538925,176.2841448160768,-3.5636743124390713,-74.98159994805977,-0.000342259066316088,0.00048677232838121855,-0.0008801695417807405,0.6246836153030396,0.6343921989631652,-9.674456517562867
2026-09-11T19:02:22.293,3.240989184,0.0,0.0,0.0,0.0,0.0,0.0,0.0,0.0,0.0,0.0,0.0,0.0,0.0,0.0,0.0,0.0,1,1789167742.1662261,38.99023734166666,-76.94017744166666,-9.843999999999998,0,1,38.551680999999995,13.697401000000001,35.129329,1,1,1789167742.2837112,-0.7920297565848533,0.6088298112474403,-0.004950018133653809,-0.04461639766969876,176.28618706473856,-3.564303152181486,-74.98305429308924,-0.0009745918543136336,-0.0021141173229407314,-0.0002139773662945048,0.6152692311477661,0.6342941324615479,-9.667003463439942
2026-09-11T19:02:22.326,3.274393791999998,0.0,0.0,0.0,0.0,0.0,0.0,0.0,0.0,0.0,0.0,0.0,0.0,0.0,0.0,0.0,0.0,1,1789167742.1662261,38.99023734166666,-76.94017744166666,-9.843999999999998,0,1,38.551680999999995,13.697401000000001,35.129329,1,1,1789167742.3157113,-0.7920338598153299,0.6088250553151191,-0.004918003365412441,-0.04461199580236784,176.2843349399191,-3.5610621259995963,-74.98238246785357,0.0004220206131322289,-0.0020001473227855017,0.0008569566627292158,0.6212512877464295,0.6339018664550782,-9.672985520038605
2026-09-11T19:02:22.360,3.3078096320000014,0.0,0.0,0.0,0.0,0.0,0.0,0.0,0.0,0.0,0.0,0.0,0.0,0.0,0.0,0.0,0.0,1,1789167742.1662261,38.99023734166666,-76.94017744166666,-9.843999999999998,0,1,38.551680999999995,13.697401000000001,35.129329,1,1,1789167742.3557112,-0.7920287614606114,0.6088319904936754,-0.0049367184387019425,-0.044605797624702716,176.28623557125346,-3.5623633680891387,-74.98338650685848,-0.0005906194188748812,0.00018675022996339326,-0.0011245156370599467,0.6204667557334901,0.6350786644744872,-9.68122310617447
2026-09-11T19:02:22.393,3.3412352,0.0,0.0,0.0,0.0,0.0,0.0,0.0,0.0,0.0,0.0,0.0,0.0,0.0,0.0,0.0,0.0,1,1789167742.1662261,38.99023734166666,-76.94017744166666,-9.843999999999998,0,1,38.551680999999995,13.697401000000001,35.129329,1,1,1789167742.383711,-0.7920361910089005,0.6088210281161778,-0.004896458197367866,-0.04462793466870543,176.28136251741748,-3.5601977167341476,-74.98178884250605,0.0008072147790473774,-0.0014159856221429995,0.0011049679494376102,0.6196822237205505,0.6340979994583129,-9.672691320533753
2026-09-11T19:02:22.427,3.374655168000004,0.0,0.0,0.0,0.0,0.0,0.0,0.0,0.0,0.0,0.0,0.0,0.0,0.0,0.0,0.0,0.0,1,1789167742.1662261,38.99023734166666,-76.94017744166666,-9.843999999999998,0,1,38.551680999999995,13.697401000000001,35.129329,1,1,1789167742.4237113,-0.7920512176720882,0.6087994953413423,-0.004802842349819361,-0.04466515153508568,176.27134858800864,-3.554184016898799,-74.97866448686409,-0.0006689847022894266,0.0006593853914034577,-0.0004832816698772298,0.6159556966590882,0.6365496619987487,-9.672691320533753
2026-09-11T19:02:22.460,3.4080617600000096,0.0,0.0,0.0,0.0,0.0,0.0,0.0,0.0,0.0,0.0,0.0,0.0,0.0,0.0,0.0,0.0,1,1789167742.1662261,38.99023734166666,-76.94017744166666,-9.843999999999998,0,1,38.551680999999995,13.697401000000001,35.129329,1,1,1789167742.4557111,-0.792059147679696,0.6087881101092909,-0.004789493907956209,-0.04468114047981916,176.26891007221514,-3.554033691608845,-74.97700386676144,-0.0008820894039579342,-0.0006129596333004085,0.0005941100773788698,0.6174266941833496,0.6362554624938964,-9.672985520038605
2026-09-11T19:02:22.494,3.4414693760000006,0.0,0.0,0.0,0.0,0.0,0.0,0.0,0.0,0.0,0.0,0.0,0.0,0.0,0.0,0.0,0.0,1,1789167742.1662261,38.99023734166666,-76.94017744166666,-9.843999999999998,0,1,38.551680999999995,13.697401000000001,35.129329,1,1,1789167742.4837112,-0.792058078048207,0.6087915864477488,-0.0048016561962391235,-0.04465142065809915,176.27248165379808,-3.553079631751933,-74.9775367991093,0.0005475097863506212,-0.0018034487160857409,-0.0014166837538437975,0.6148769651412964,0.6390013245391846,-9.67543718257904
2026-09-11T19:02:22.527,3.4748787520000093,0.0,0.0,0.0,0.0,0.0,0.0,0.0,0.0,0.0,0.0,0.0,0.0,0.0,0.0,0.0,0.0,1,1789167742.1662261,38.99023734166666,-76.94017744166666,-9.843999999999998,0,1,38.551680999999995,13.697401000000001,35.129329,1,1,1789167742.5237112,-0.792040624657568,0.6088149809186505,-0.0048406628448799185,-0.04463783019250549,176.27654409352755,-3.555787087961426,-74.98092254140593,-0.0008428194957880617,-0.0006140068308516052,-0.0005002113636215749,0.6201725562286378,0.6340979994583129,-9.677986911621094
2026-09-11T19:02:22.561,3.508289984000001,0.0,0.0,0.0,0.0,0.0,0.0,0.0,0.0,0.0,0.0,0.0,0.0,0.0,0.0,0.0,0.0,1,1789167742.1662261,38.99023734166666,-76.94017744166666,-9.843999999999998,0,1,38.551680999999995,13.697401000000001,35.129329,1,1,1789167742.5557113,-0.7920416596292306,0.6088130073737843,-0.004842949950940048,-0.044646134211545466,176.27593799901496,-3.556565976105178,-74.98062652840696,-0.0004000294645571003,-0.000981224105471212,0.0010915289141972537,0.6224280857658386,0.6372361275100707,-9.669651258983611
2026-09-11T19:02:22.594,3.5417141439999966,0.0,0.0,0.0,0.0,0.0,0.0,0.0,0.0,0.0,0.0,0.0,0.0,0.0,0.0,0.0,0.0,1,1789167742.1662261,38.99023734166666,-76.94017744166666,-9.843999999999998,0,1,38.551680999999995,13.697401000000001,35.129329,1,1,1789167742.5827112,-0.7920403652152805,0.6088149299777539,-0.004870119307724231,-0.04463992432516183,176.27840648975427,-3.558611724982303,-74.98090205857906,0.0010522590060273813,0.0005398303376418462,-7.260569688296411e-05,0.6193880242156982,0.6375303270149231,-9.679163709640504
2026-09-11T19:02:22.627,3.575120288000008,0.0,0.0,0.0,0.0,0.0,0.0,0.0,0.0,0.0,0.0,0.0,0.0,0.0,0.0,0.0,0.0,1,1789167742.1662261,38.99023734166666,-76.94017744166666,-9.843999999999998,0,1,38.551680999999995,13.697401000000001,35.129329,1,1,1789167742.623711,-0.7920577582742565,0.6087845909514072,-0.0047386253792343356,-0.044759075137926464,176.25824661398818,-3.554836312111989,-74.97642350801262,-0.0007742280561846846,-0.0017236871692695999,-0.001193979741289321,0.6238990832901,0.6386090585327148,-9.679948241653442
2026-09-11T19:02:22.661,3.6085262400000033,0.0,0.0,0.0,0.0,0.0,0.0,0.0,0.0,0.0,0.0,0.0,0.0,0.0,0.0,0.0,0.0,1,1789167742.1662261,38.99023734166666,-76.94017744166666,-9.843999999999998,0,1,38.551680999999995,13.697401000000001,35.129329,1,1,1789167742.6547112,-0.792044713273166,0.6088035514966621,-0.004817781720816501,-0.04472356023808937,176.26708580579177,-3.559642444113043,-74.9791776211847,-0.0004963716392671874,-0.0002686061718819273,0.0018455111510588041,0.6209570882415771,0.6392955240440369,-9.674162318058015
2026-09-11T19:02:22.694,3.6419529599999976,0.0,0.0,0.0,0.0,0.0,0.0,0.0,0.0,0.0,0.0,0.0,0.0,0.0,0.0,0.0,0.0,1,1789167742.1662261,38.99023734166666,-76.94017744166666,-9.843999999999998,0,1,38.551680999999995,13.697401000000001,35.129329,1,1,1789167742.6837113,-0.7920445412146163,0.6088034172564019,-0.004819347706561636,-0.044728265747050536,176.26676558465135,-3.5601129743303748,-74.97915212993564,0.0012060225131280816,0.0004235914094590238,0.00014433872913993104,0.6243894157981873,0.6376283935165404,-9.679457909145356
2026-09-11T19:02:22.728,3.675377568000002,0.0,0.0,0.0,0.0,0.0,0.0,0.0,0.0,0.0,0.0,0.0,0.0,0.0,0.0,0.0,0.0,1,1789167742.1662261,38.99023734166666,-76.94017744166666,-9.843999999999998,0,1,38.551680999999995,13.697401000000001,35.129329,1,1,1789167742.7237113,-0.7920639850437488,0.6087757933306142,-0.004728301567234749,-0.044769634972676754,176.25652525938244,-3.5545937346460916,-74.97514257725945,-0.0006527531402458793,-0.0025939083343139726,-0.0006590363255530589,0.6188976917076111,0.6367457950019837,-9.672495187530517
2026-09-11T19:02:22.761,3.708789920000001,0.0,0.0,0.0,0.0,0.0,0.0,0.0,0.0,0.0,0.0,0.0,0.0,0.0,0.0,0.0,0.0,1,1789167742.1662261,38.99023734166666,-76.94017744166666,-9.843999999999998,0,1,38.551680999999995,13.697401000000001,35.129329,1,1,1789167742.7547112,-0.7920608888686707,0.60877933751345,-0.0047517358774282125,-0.044773737250841716,176.25780084236143,-3.5570280847261238,-74.9756413639965,0.0005450663253978291,-0.00011484266478122689,0.0022614231118090527,0.6201725562286378,0.6409626545715332,-9.672691320533753
2026-09-11T19:02:22.794,3.7421964480000014,0.0,0.0,0.0,0.0,0.0,0.0,0.0,0.0,0.0,0.0,0.0,0.0,0.0,0.0,0.0,0.0,1,1789167742.1662261,38.99023734166666,-76.94017744166666,-9.843999999999998,0,1,38.551680999999995,13.697401000000001,35.129329,1,1,1789167742.7837112,-0.7920343377058162,0.6088187067242569,-0.00483106093688858,-0.04469956473766102,176.2702660904409,-3.5592447884625877,-74.98139311533299,0.0005166174585903216,0.001650906939461436,-0.0002534218073895767,0.6135040341186524,0.637726460018158,-9.665238266410828
2026-09-11T19:02:22.827,3.7756042240000056,0.0,0.0,0.0,0.0,0.0,0.0,0.0,0.0,0.0,0.0,0.0,0.0,0.0,0.0,0.0,0.0,1,1789167742.1662261,38.99023734166666,-76.94017744166666,-9.843999999999998,0,1,38.551680999999995,13.697401000000001,35.129329,1,1,1789167742.8237112,-0.7920241138582249,0.6088371710446241,-0.004929191157120962,-0.044618441209988646,176.2845820138048,-3.5625865923447644,-74.9841238229792,0.0002638937829015426,-0.0015786503084288712,-0.001456826326639667,0.6182112261962891,0.6352747974777222,-9.672691320533753
2026-09-11T19:02:22.861,3.8090239680000053,0.0,0.0,0.0,0.0,0.0,0.0,0.0,0.0,0.0,0.0,0.0,0.0,0.0,0.0,0.0,0.0,1,1789167742.1662261,38.99023734166666,-76.94017744166666,-9.843999999999998,0,1,38.551680999999995,13.697401000000001,35.129329,1,1,1789167742.8557112,-0.7920062970813239,0.6088631045768036,-0.00495162198483514,-0.04457832105794653,176.2899180343289,-3.561944437352689,-74.98791476140238,0.0008059930485709814,-0.0019294614880797313,0.0026080455012551266,0.6182112261962891,0.6362554624938964,-9.669160926475525
2026-09-11T19:02:22.894,3.842444704000002,0.0,0.0,0.0,0.0,0.0,0.0,0.0,0.0,0.0,0.0,0.0,0.0,0.0,0.0,0.0,0.0,1,1789167742.1662261,38.99023734166666,-76.94017744166666,-9.843999999999998,0,1,38.551680999999995,13.697401000000001,35.129329,1,1,1789167742.883711,-0.7920111090937957,0.6088542766605656,-0.004884346643952794,-0.044620802570291655,176.28131734816864,-3.5587540698742073,-74.98661149325625,0.0006002187297608499,0.0025104815960686434,0.0007431611954991855,0.6159556966590882,0.637726460018158,-9.670729990501403
2026-09-11T19:02:22.928,3.875867360000001,0.0,0.0,0.0,0.0,0.0,0.0,0.0,0.0,0.0,0.0,0.0,0.0,0.0,0.0,0.0,0.0,1,1789167742.1662261,38.99023734166666,-76.94017744166666,-9.843999999999998,0,1,38.551680999999995,13.697401000000001,35.129329,1,1,1789167742.9237113,-0.7920295388641743,0.6088263960837146,-0.004847513387186914,-0.0446780775356343,176.27340549336054,-3.5592757166072055,-74.982524527502,0.0009798278420696167,-0.0011875220230569419,-0.0005775294494849237,0.6179170266914368,0.6365496619987487,-9.675241049575806
2026-09-11T19:02:22.961,3.909268671999996,0.0,0.0,0.0,0.0,0.0,0.0,0.0,0.0,0.0,0.0,0.0,0.0,0.0,0.0,0.0,0.0,1,1789167742.1662261,38.99023734166666,-76.94017744166666,-9.843999999999998,0,1,38.551680999999995,13.697401000000001,35.129329,1,1,1789167742.9557111,-0.7920631385655468,0.6087789510405553,-0.004770314528812548,-0.0447372037006445,176.26242330216817,-3.556163314955975,-74.97562088288274,0.0006991788983489284,0.002115164520491928,-0.0004881685917828139,0.6209570882415771,0.6373341940116883,-9.673181653041839
2026-09-11T19:02:22.995,3.9426726080000094,0.0,0.0,0.0,0.0,0.0,0.0,0.0,0.0,0.0,0.0,0.0,0.0,0.0,0.0,0.0,0.0,1,1789167742.1662261,38.99023734166666,-76.94017744166666,-9.843999999999998,0,1,38.551680999999995,13.697401000000001,35.129329,1,1,1789167742.9837112,-0.7920485161959584,0.608800783018812,-0.0048745916946294505,-0.044687726987091385,176.27429881402594,-3.562291811069807,-74.97879811713196,-0.0009063494805606553,0.0009438740594785335,-0.00023806290997202653,0.6241932827949523,0.6329212014389038,-9.682988303203583
2026-09-11T19:02:23.028,3.976081312000005,0.0,0.0,0.0,0.0,0.0,0.0,0.0,0.0,0.0,0.0,0.0,0.0,0.0,0.0,0.0,0.0,1,1789167742.1662261,38.99023734166666,-76.94017744166666,-9.843999999999998,0,1,38.551680999999995,13.697401000000001,35.129329,1,1,1789167743.0227113,-0.7920365247795004,0.6088141661164994,-0.004858991579707219,-0.0447196237899171,176.27036494204418,-3.563164734478022,-74.98070260414626,0.000943699526553334,3.752457891787809e-05,0.002065597169735289,0.6206628887367248,0.6368438615036011,-9.67965404214859
2026-09-11T19:02:23.061,4.009494528000005,0.0,0.0,0.0,0.0,0.0,0.0,0.0,0.0,0.0,0.0,0.0,0.0,0.0,0.0,0.0,0.0,1,1789167742.1662261,38.99023734166666,-76.94017744166666,-9.843999999999998,0,1,38.551680999999995,13.697401000000001,35.129329,1,1,1789167743.0557113,-0.7920250358903579,0.6088310676856507,-0.004909352134258627,-0.04468749047831897,176.276879723374,-3.56557846990869,-74.98316718361956,0.0018409732950036188,0.00331804544096642,-0.0009119345341670372,0.6151711646461486,0.6390013245391846,-9.673181653041839
2026-09-11T19:02:23.095,4.042918560000004,0.0,0.0,0.0,0.0,0.0,0.0,0.0,0.0,0.0,0.0,0.0,0.0,0.0,0.0,0.0,0.0,1,1789167742.1662261,38.99023734166666,-76.94017744166666,-9.843999999999998,0,1,38.551680999999995,13.697401000000001,35.129329,1,1,1789167743.0837111,-0.792022277526425,0.6088371697208776,-0.004963961499439058,-0.0446471920097777,176.28438622430147,-3.5677571530213577,-74.98407810689523,-0.0013638002775083692,0.00029635690698863714,-0.0016905259134817076,0.6214474207496643,0.6358631964874267,-9.673181653041839
2026-09-11T19:02:23.128,4.076327168000006,0.0,0.0,0.0,0.0,0.0,0.0,0.0,0.0,0.0,0.0,0.0,0.0,0.0,0.0,0.0,0.0,1,1789167742.1662261,38.99023734166666,-76.94017744166666,-9.843999999999998,0,1,38.551680999999995,13.697401000000001,35.129329,1,1,1789167743.123711,-0.7920107232432152,0.6088540741638159,-0.004965107594698509,-0.044621500965955345,176.28688314520846,-3.5661455096502865,-74.98655332109253,0.00030141836181942074,0.0016041321155079885,0.0011690215329858019,0.6201725562286378,0.6350786644744872,-9.673181653041839
2026-09-11T19:02:23.162,4.109727712000009,0.0,0.0,0.0,0.0,0.0,0.0,0.0,0.0,0.0,0.0,0.0,0.0,0.0,0.0,0.0,0.0,1,1789167742.1662261,38.99023734166666,-76.94017744166666,-9.843999999999998,0,1,38.551680999999995,13.697401000000001,35.129329,1,1,1789167743.1557112,-0.7920179567734593,0.6088409236746021,-0.004921692117450097,-0.044677318117282996,176.27871123823553,-3.5660360976655783,-74.98460059268676,-0.0001609193570338772,0.0018887953165082634,0.00042987459476620337,0.6207609552383422,0.6334115339469909,-9.673181653041839
2026-09-11T19:02:23.195,4.143145536000006,0.0,0.0,0.0,0.0,0.0,0.0,0.0,0.0,0.0,0.0,0.0,0.0,0.0,0.0,0.0,0.0,1,1789167743.1742964,38.990237226666665,-76.94017738666666,-9.852999999999998,0,1,38.539264,13.690000000000001,35.117476,1,1,1789167743.1827111,-0.792017878163283,0.6088426319700728,-0.004918564059474075,-0.04465577110607886,176.28046421048646,-3.5642541558718674,-74.98487398771917,-0.0008337437836776912,-2.0245819323134223e-05,-0.0004921828490624009,0.615465364151001,0.6385109920310974,-9.672887453536987
2026-09-11T19:02:23.229,4.1765627520000095,0.0,0.0,0.0,0.0,0.0,0.0,0.0,0.0,0.0,0.0,0.0,0.0,0.0,0.0,0.0,0.0,1,1789167743.1742964,38.990237226666665,-76.94017738666666,-9.852999999999998,0,1,38.539264,13.690000000000001,35.117476,1,1,1789167743.2237113,-0.7920128573426289,0.6088489060931943,-0.004926207881215353,-0.04465843513824027,176.28078257063234,-3.5651647982846404,-74.98577589291376,-9.023352232810683e-05,0.0025036748119858657,-0.0006780604143997971,0.6184073591995239,0.6350786644744872,-9.674946850070953
2026-09-11T19:02:23.262,4.209964768000006,0.0,0.0,0.0,0.0,0.0,0.0,0.0,0.0,0.0,0.0,0.0,0.0,0.0,0.0,0.0,0.0,1,1789167743.1742964,38.990237226666665,-76.94017738666666,-9.852999999999998,0,1,38.539264,13.690000000000001,35.117476,1,1,1789167743.2557113,-0.7920271387152399,0.6088270034523408,-0.004847395829203665,-0.04471234907124179,176.27027716218632,-3.5616624330960347,-74.98257246566892,0.00043737951054977894,0.00020402898955813713,0.0017844246272390024,0.6216435537528991,0.6355689969825745,-9.679948241653442
2026-09-11T19:02:23.295,4.243369119999997,0.0,0.0,0.0,0.0,0.0,0.0,0.0,0.0,0.0,0.0,0.0,0.0,0.0,0.0,0.0,0.0,1,1789167743.1742964,38.990237226666665,-76.94017738666666,-9.852999999999998,0,1,38.539264,13.690000000000001,35.117476,1,1,1789167743.2837112,-0.7920259122453511,0.6088316258293348,-0.004834602110161161,-0.044672500986227055,176.2730370309314,-3.5577366297444697,-74.98329232965457,-0.000424464074085021,-0.0030937706320851486,-0.0022640411056870442,0.615465364151001,0.63841292552948,-9.668670593967438
2026-09-11T19:02:23.330,4.276770560000003,0.0,0.0,0.0,0.0,0.0,0.0,0.0,0.0,0.0,0.0,0.0,0.0,0.0,0.0,0.0,0.0,1,1789167743.1742964,38.990237226666665,-76.94017738666666,-9.852999999999998,0,1,38.539264,13.690000000000001,35.117476,1,1,1789167743.3237112,-0.7920281548407714,0.608828846814417,-0.004837045766939009,-0.044670350506782266,176.27339086520988,-3.5577955135218033,-74.98289190506769,-0.00040875611081707196,0.001279849940487442,0.0013631021458075715,0.6231145512771606,0.6392955240440369,-9.678967576637268
2026-09-11T19:02:23.363,4.310179583999997,0.0,0.0,0.0,0.0,0.0,0.0,0.0,0.0,0.0,0.0,0.0,0.0,0.0,0.0,0.0,0.0,1,1789167743.1742964,38.990237226666665,-76.94017738666666,-9.852999999999998,0,1,38.539264,13.690000000000001,35.117476,1,1,1789167743.3557112,-0.7920380339512767,0.6088154635145733,-0.004827672710867155,-0.04467860490579769,176.27192523552614,-3.557456992283388,-74.98094961649512,-0.0013667673372367596,0.00024033183799961917,-0.00219457700145767,0.6164460291671753,0.6369419280052184,-9.668670593967438
2026-09-11T19:02:23.396,4.343589023999996,0.0,0.0,0.0,0.0,0.0,0.0,0.0,0.0,0.0,0.0,0.0,0.0,0.0,0.0,0.0,0.0,1,1789167743.1742964,38.990237226666665,-76.94017738666666,-9.852999999999998,0,1,38.539264,13.690000000000001,35.117476,1,1,1789167743.3827112,-0.7920275205772984,0.6088300318952478,-0.004883872066723983,-0.04466034823245602,176.2775719955823,-3.561360218251223,-74.98305806376975,-4.3807764225057676e-05,-0.0005532693728822024,0.000330565360327726,0.6189957582092285,0.6353728639793396,-9.67622171459198
2026-09-11T19:02:23.430,4.377010016,0.0,0.0,0.0,0.0,0.0,0.0,0.0,0.0,0.0,0.0,0.0,0.0,0.0,0.0,0.0,0.0,1,1789167743.1742964,38.990237226666665,-76.94017738666666,-9.852999999999998,0,1,38.539264,13.690000000000001,35.117476,1,1,1789167743.4237113,-0.7920228024717437,0.6088345317592533,-0.0048219461860057045,-0.04468939625095742,176.27062828619444,-3.557779962485374,-74.98369770277701,-0.0004574507969477138,0.0010662216400433358,0.0010758209509293048,0.6185054257011414,0.6347844649696349,-9.672200988025665
2026-09-11T19:02:23.462,4.410411104000005,0.0,0.0,0.0,0.0,0.0,0.0,0.0,0.0,0.0,0.0,0.0,0.0,0.0,0.0,0.0,0.0,1,1789167743.1742964,38.990237226666665,-76.94017738666666,-9.852999999999998,0,1,38.539264,13.690000000000001,35.117476,1,1,1789167743.4557111,-0.7920395320222725,0.6088107896834722,-0.004777187383988813,-0.04472114219946687,176.2645088088492,-3.5558162271306664,-74.98024282958706,-0.0009768607823412263,-0.0003209660494417572,-0.001896649298142238,0.6174266941833496,0.6364515954971314,-9.666905396938324
2026-09-11T19:02:23.496,4.443819040000008,0.0,0.0,0.0,0.0,0.0,0.0,0.0,0.0,0.0,0.0,0.0,0.0,0.0,0.0,0.0,0.0,1,1789167743.1742964,38.990237226666665,-76.94017738666666,-9.852999999999998,0,1,38.539264,13.690000000000001,35.117476,1,1,1789167743.4837112,-0.792050058990547,0.6087956140791181,-0.004769529635968681,-0.044742104534229964,176.26199675558397,-3.5565129189895193,-74.97802597012218,0.0005756095873077299,-0.0013840460968315032,-0.0014987142286875309,0.6201725562286378,0.637039994506836,-9.674946850070953
2026-09-11T19:02:23.530,4.477224288000002,0.0,0.0,0.0,0.0,0.0,0.0,0.0,0.0,0.0,0.0,0.0,0.0,0.0,0.0,0.0,0.0,1,1789167743.1742964,38.990237226666665,-76.94017738666666,-9.852999999999998,0,1,38.539264,13.690000000000001,35.117476,1,1,1789167743.5234365,-0.7920786320717252,0.6087518249635531,-0.00466862554287767,-0.04484261538390315,176.24560762663876,-3.554152287277031,-74.97161417822196,-0.0012301080568056036,0.0008667305065403841,0.0016875588537533172,0.6144846991348266,0.6389032580375671,-9.66670926393509
2026-09-11T19:02:23.563,4.510634015999997,0.0,0.0,0.0,0.0,0.0,0.0,0.0,0.0,0.0,0.0,0.0,0.0,0.0,0.0,0.0,0.0,1,1789167743.1742964,38.990237226666665,-76.94017738666666,-9.852999999999998,0,1,38.539264,13.690000000000001,35.117476,1,1,1789167743.5554364,-0.7920879922145729,0.608739493536372,-0.004642390347760305,-0.04484740583831558,176.24328717472338,-3.5520427592622528,-74.96983553464311,-0.0017161822534860242,-0.002652551397180982,-0.0014234905379265752,0.623212617778778,0.636157395992279,-9.682399904193879
2026-09-11T19:02:23.597,4.544047648000003,0.0,0.0,0.0,0.0,0.0,0.0,0.0,0.0,0.0,0.0,0.0,0.0,0.0,0.0,0.0,0.0,1,1789167743.1742964,38.990237226666665,-76.94017738666666,-9.852999999999998,0,1,38.539264,13.690000000000001,35.117476,1,1,1789167743.5834365,-0.7921111412744539,0.6087073552388823,-0.004639615998932025,-0.04487504329078323,176.24043114538307,-3.5535688059946478,-74.96515563209367,0.0010196213490150873,0.0002614503219487506,-0.0015646876744129163,0.6191918912124634,0.637039994506836,-9.677692712116242
2026-09-11T19:02:23.630,4.5774611200000095,0.0,0.0,0.0,0.0,0.0,0.0,0.0,0.0,0.0,0.0,0.0,0.0,0.0,0.0,0.0,0.0,1,1789167743.1742964,38.990237226666665,-76.94017738666666,-9.852999999999998,0,1,38.539264,13.690000000000001,35.117476,1,1,1789167743.6234365,-0.7920934168904231,0.6087366930275535,-0.004785518328015986,-0.044774504967276856,176.2598942238128,-3.5599525312451936,-74.96945863659164,-0.000964643477577266,-0.001547932513593771,7.819075048934596e-05,0.6196822237205505,0.6343921989631652,-9.681419239177705
2026-09-11T19:02:23.663,4.610866240000007,0.0,0.0,0.0,0.0,0.0,0.0,0.0,0.0,0.0,0.0,0.0,0.0,0.0,0.0,0.0,0.0,1,1789167743.1742964,38.990237226666665,-76.94017738666666,-9.852999999999998,0,1,38.539264,13.690000000000001,35.117476,1,1,1789167743.6554365,-0.7920646257032462,0.6087816066408707,-0.004876825314034502,-0.04466319178241726,176.2766041126589,-3.5606906441273605,-74.97605183626746,-0.0013816026358787112,-0.0025331708763445698,-0.0010068804454755288,0.6219377532577515,0.6353728639793396,-9.672691320533753
2026-09-11T19:02:23.697,4.644270431999999,0.0,0.0,0.0,0.0,0.0,0.0,0.0,0.0,0.0,0.0,0.0,0.0,0.0,0.0,0.0,0.0,1,1789167743.1742964,38.990237226666665,-76.94017738666666,-9.852999999999998,0,1,38.539264,13.690000000000001,35.117476,1,1,1789167743.6834364,-0.7920856918910416,0.6087515980857198,-0.004879342785913318,-0.044698328196363685,176.27344289993692,-3.563233284621991,-74.97166889057509,0.0013880603541110903,0.0026249751949994717,-0.0011611675513518275,0.6224280857658386,0.6358631964874267,-9.68347863571167
2026-09-11T19:02:23.730,4.677691648000007,0.0,0.0,0.0,0.0,0.0,0.0,0.0,0.0,0.0,0.0,0.0,0.0,0.0,0.0,0.0,0.0,1,1789167743.1742964,38.990237226666665,-76.94017738666666,-9.852999999999998,0,1,38.539264,13.690000000000001,35.117476,1,1,1789167743.7224364,-0.7920976310936598,0.6087362226681047,-0.004848413928685434,-0.044699518005860236,176.27110956172734,-3.560431449404178,-74.96945459208308,-0.0010402162341886204,-0.001761560814037877,-0.0013252285010392944,0.6187015587043762,0.6358631964874267,-9.675927515087128
2026-09-11T19:02:23.763,4.711102624000006,0.0,0.0,0.0,0.0,0.0,0.0,0.0,0.0,0.0,0.0,0.0,0.0,0.0,0.0,0.0,0.0,1,1789167743.1742964,38.990237226666665,-76.94017738666666,-9.852999999999998,0,1,38.539264,13.690000000000001,35.117476,1,1,1789167743.7554364,-0.7921242951486691,0.6086953001857546,-0.004717877506384327,-0.044798149502324705,176.2528392261894,-3.555257468342088,-74.96346981641761,-0.00019041542139258135,-0.0013561208287995942,-0.00013962634015954637,0.6172305611801147,0.6382167925262451,-9.666905396938324
2026-09-11T19:02:23.797,4.744520096000002,0.0,0.0,0.0,0.0,0.0,0.0,0.0,0.0,0.0,0.0,0.0,0.0,0.0,0.0,0.0,0.0,1,1789167743.1742964,38.990237226666665,-76.94017738666666,-9.852999999999998,0,1,38.539264,13.690000000000001,35.117476,1,1,1789167743.7954364,-0.7921051983940964,0.6087240087433322,-0.004744263341680935,-0.044742908061967734,176.25984124284946,-3.553933630456378,-74.96767654398276,-0.0012939871074285959,0.0002546435378659727,-0.0007281513639320343,0.6182112261962891,0.6350786644744872,-9.674162318058015
2026-09-11T19:02:23.830,4.777926784000002,0.0,0.0,0.0,0.0,0.0,0.0,0.0,0.0,0.0,0.0,0.0,0.0,0.0,0.0,0.0,0.0,1,1789167743.1742964,38.990237226666665,-76.94017738666666,-9.852999999999998,0,1,38.539264,13.690000000000001,35.117476,1,1,1789167743.8234365,-0.7921020777632223,0.6087331851173037,-0.004783695135466137,-0.04466904969864003,176.26936148127257,-3.552403153354504,-74.96907483675844,0.0004623377188532979,-0.0029384363286576536,-0.0018259634634364677,0.6146808321380616,0.6362554624938964,-9.668474460964202
