timestamp,time_s,speed_mps,distance_m,wheel_omega_rad_s,motor_current_A,steer_motor_deg,steer_column_deg,vx_mps,vy_mps,yaw_rate_rad_s,heading_rad,x_m,y_m,gyro_x_rad_s,gyro_y_rad_s,gyro_z_rad_s,accel_x_mps2,accel_y_mps2,accel_z_mps2,grade_deg,bank_deg,moving,gps_new_fix,gps_time_s,gps_latitude_deg,gps_longitude_deg,gps_altitude_m,gps_east_m,gps_north_m,gps_sigma_m
2026-09-11T17:37:57.306,0.000009,-0.000000,-0.000000,-0.000000,0.000000,0.054932,-0.018899,-0.000000,0.000139,0.000292,0.000000,0.000000,0.000000,-0.000320,0.002331,0.001775,0.742560,0.166321,9.673574,0.000000,0.000000,0,1,-0.223655,38.991391,-76.936686,-9.242000,0.000000,0.000000,3.490577
2026-09-11T17:37:57.340,0.033411,-0.000000,-0.000000,-0.000000,0.000000,0.054932,-0.018899,-0.000000,-0.001892,-0.003983,-0.000062,-0.000000,-0.000029,-0.000115,0.000499,-0.002499,0.741971,0.173872,9.686323,0.000000,0.000000,0,0,,38.991391,-76.936686,-9.242000,,,
2026-09-11T17:37:57.374,0.066827,-0.000000,-0.000000,-0.000000,0.000000,0.054932,-0.018899,-0.000000,-0.002294,-0.004830,-0.000209,-0.000000,-0.000099,-0.000474,0.001424,-0.003346,0.745502,0.166321,9.672103,0.000000,0.000000,0,0,,38.991391,-76.936686,-9.242000,,,
2026-09-11T17:37:57.407,0.100229,-0.000000,-0.000000,-0.000000,0.000000,0.054932,-0.018899,-0.000000,-0.000594,-0.001251,-0.000310,-0.000000,-0.000147,0.001728,-0.000014,0.000232,0.747757,0.169361,9.677300,0.000000,0.000000,0,0,,38.991391,-76.936686,-9.242000,,,
2026-09-11T17:37:57.441,0.133629,-0.000000,-0.000000,-0.000000,0.000000,0.054932,-0.018899,-0.000000,0.000290,0.000611,-0.000321,-0.000000,-0.000153,0.004741,-0.000441,0.002094,0.742560,0.169361,9.670632,0.000000,0.000000,0,0,,38.991391,-76.936686,-9.242000,,,
2026-09-11T17:37:57.475,0.167029,-0.000000,-0.000000,-0.000000,0.000000,0.054932,-0.018899,-0.000000,0.000772,0.001625,-0.000284,-0.000000,-0.000135,-0.001872,0.001838,0.003109,0.743442,0.169361,9.681812,0.000000,0.000000,0,0,,38.991391,-76.936686,-9.242000,,,
2026-09-11T17:37:57.508,0.200436,-0.000000,-0.000000,-0.000000,0.000000,0.054932,-0.018899,-0.000000,-0.000809,-0.001703,-0.000285,-0.000000,-0.000135,0.001311,0.000842,-0.000220,0.739716,0.166419,9.676614,0.000000,0.000000,0,0,,38.991391,-76.936686,-9.242000,,,
2026-09-11T17:37:57.541,0.233855,-0.000000,-0.000000,-0.000000,0.000000,0.054932,-0.018899,-0.000000,-0.001583,-0.003334,-0.000369,-0.000000,-0.000175,0.000244,-0.000690,-0.001850,0.744815,0.160339,9.677300,0.000000,0.000000,0,0,,38.991391,-76.936686,-9.242000,,,
2026-09-11T17:37:57.576,0.267263,-0.000000,-0.000000,-0.000000,0.000000,0.054932,-0.018899,-0.000000,0.000545,0.001146,-0.000406,-0.000000,-0.000193,-0.000553,0.001264,0.002630,0.744129,0.170832,9.678085,0.000000,0.000000,0,0,,38.991391,-76.936686,-9.242000,,,
2026-09-11T17:37:57.608,0.300686,-0.000000,-0.000000,-0.000000,0.000000,0.054932,-0.018899,-0.000000,-0.000577,-0.001214,-0.000407,-0.000000,-0.000193,-0.001038,-0.000454,0.000269,0.744815,0.165634,9.678085,0.000000,0.000000,0,0,,38.991391,-76.936686,-9.242000,,,
2026-09-11T17:37:57.641,0.334096,-0.000000,-0.000000,-0.000000,0.000000,0.054932,-0.018899,-0.000000,-0.000773,-0.001627,-0.000454,-0.000000,-0.000216,0.000280,-0.000829,-0.000144,0.746188,0.155141,9.676614,0.000000,0.000000,0,0,,38.991391,-76.936686,-9.242000,,,
2026-09-11T17:37:57.674,0.367497,-0.000000,-0.000000,-0.000000,0.000000,0.054932,-0.018899,-0.000000,-0.000597,-0.001257,-0.000503,-0.000000,-0.000239,0.002429,0.001784,0.000226,0.745502,0.163379,9.678870,0.000000,0.000000,0,0,,38.991391,-76.936686,-9.242000,,,
2026-09-11T17:37:57.709,0.400897,-0.000000,-0.000000,-0.000000,0.000000,0.054932,-0.018899,-0.000000,-0.001692,-0.003562,-0.000583,-0.000000,-0.000277,0.003098,0.002664,-0.002079,0.735989,0.158181,9.683381,0.000000,0.000000,0,0,,38.991391,-76.936686,-9.242000,,,
2026-09-11T17:37:57.742,0.434306,-0.000000,-0.000000,-0.000000,0.000000,0.054932,-0.018899,-0.000000,0.000035,0.000073,-0.000641,-0.000000,-0.000305,0.000834,-0.000365,0.001557,0.740402,0.160339,9.678870,0.000000,0.000000,0,0,,38.991391,-76.936686,-9.242000,,,
2026-09-11T17:37:57.775,0.467729,-0.000000,-0.000000,-0.000000,0.000000,0.054932,-0.018899,-0.000000,-0.001525,-0.003210,-0.000694,-0.000000,-0.000330,0.005897,0.001249,-0.001726,0.749228,0.166321,9.681812,0.000000,0.000000,0,0,,38.991391,-76.936686,-9.242000,,,
2026-09-11T17:37:57.809,0.501136,-0.000000,-0.000000,-0.000000,0.000000,0.054932,-0.018899,-0.000000,-0.000532,-0.001121,-0.000766,-0.000000,-0.000364,0.001369,-0.002536,0.000363,0.744815,0.167890,9.674358,0.000000,0.000000,0,0,,38.991391,-76.936686,-9.242000,,,
2026-09-11T17:37:57.841,0.534536,-0.000000,-0.000000,-0.000000,0.000000,0.054932,-0.018899,-0.000000,0.000246,0.000517,-0.000776,-0.000000,-0.000369,0.001905,-0.000814,0.002001,0.741187,0.170145,9.678870,0.000000,0.000000,0,0,,38.991391,-76.936686,-9.242000,,,
2026-09-11T17:37:57.875,0.567939,-0.000000,-0.000000,-0.000000,0.000000,0.054932,-0.018899,-0.000000,-0.000778,-0.001637,-0.000795,-0.000000,-0.000378,0.006186,0.001644,-0.000153,0.747071,0.168576,9.679556,0.000000,0.000000,0,0,,38.991391,-76.936686,-9.242000,,,
2026-09-11T17:37:57.908,0.601344,-0.000000,-0.000000,-0.000000,0.000000,0.054932,-0.018899,-0.000000,-0.001461,-0.003076,-0.000874,-0.000000,-0.000415,0.005522,-0.000082,-0.001592,0.744227,0.176814,9.682596,0.000000,0.000000,0,0,,38.991391,-76.936686,-9.242000,,,
2026-09-11T17:37:57.942,0.634753,-0.000000,-0.000000,-0.000000,0.000000,0.054932,-0.018899,-0.000000,0.000199,0.000419,-0.000918,-0.000000,-0.000436,0.004582,0.001213,0.001903,0.741187,0.171616,9.678085,0.000000,0.000000,0,0,,38.991391,-76.936686,-9.242000,,,
2026-09-11T17:37:57.975,0.668163,-0.000000,-0.000000,-0.000000,0.000000,0.054932,-0.018899,-0.000000,-0.000997,-0.002100,-0.000946,-0.000000,-0.000449,0.001379,0.000182,-0.000616,0.745698,0.173774,9.685538,0.000000,0.000000,0,0,,38.991391,-76.936686,-9.242000,,,
2026-09-11T17:37:58.009,0.701571,-0.000000,-0.000000,-0.000000,0.000000,0.054932,-0.018899,-0.000000,0.001320,0.002779,-0.000935,-0.000000,-0.000444,-0.005167,-0.001725,0.004262,0.737558,0.180638,9.682694,0.000000,0.000000,0,0,,38.991391,-76.936686,-9.242000,,,
2026-09-11T17:37:58.042,0.734973,-0.000000,-0.000000,-0.000000,0.000000,0.054932,-0.018899,-0.000000,-0.001501,-0.003160,-0.000941,-0.000000,-0.000447,-0.002854,-0.000738,-0.001677,0.743344,0.171616,9.668376,0.000000,0.000000,0,0,,38.991391,-76.936686,-9.242000,,,
2026-09-11T17:37:58.076,0.768376,-0.000000,-0.000000,-0.000000,0.000000,0.054932,-0.018899,-0.000000,0.000824,0.001735,-0.000965,-0.000000,-0.000458,-0.000592,0.000136,0.003219,0.750013,0.165536,9.675829,0.000000,0.000000,0,0,,38.991391,-76.936686,-9.242000,,,
2026-09-11T17:37:58.109,0.801804,-0.000000,-0.000000,-0.000000,0.000000,0.054932,-0.018899,-0.000000,-0.000771,-0.001623,-0.000963,-0.000000,-0.000457,-0.005050,-0.002102,-0.000139,0.747169,0.170832,9.692305,0.000000,0.000000,0,1,0.774703,38.991391,-76.936686,-9.267000,0.016565,-0.014455,3.490577
2026-09-11T17:37:58.142,0.835213,-0.000000,-0.000000,-0.000000,0.000000,0.054932,-0.018899,-0.000000,0.000406,0.000854,-0.000976,-0.000000,-0.000464,0.001375,-0.000161,0.002338,0.746286,0.159554,9.678771,0.000000,0.000000,0,0,,38.991391,-76.936686,-9.267000,,,
2026-09-11T17:37:58.175,0.868618,-0.000000,-0.000000,-0.000000,0.000000,0.054932,-0.018899,-0.000000,-0.001093,-0.002301,-0.001000,-0.000000,-0.000475,0.001462,-0.001404,-0.000818,0.741089,0.155828,9.685636,0.000000,0.000000,0,0,,38.991391,-76.936686,-9.267000,,,
2026-09-11T17:37:58.208,0.902025,-0.000000,-0.000000,-0.000000,0.000000,0.054932,-0.018899,-0.000000,0.000500,0.001052,-0.001021,-0.000000,-0.000485,-0.003506,-0.000170,0.002536,0.735989,0.166419,9.673672,0.000000,0.000000,0,0,,38.991391,-76.936686,-9.267000,,,
2026-09-11T17:37:58.242,0.935427,-0.000000,-0.000000,-0.000000,0.000000,0.054932,-0.018899,-0.000000,-0.001513,-0.003185,-0.001056,-0.000000,-0.000502,0.004113,0.001420,-0.001701,0.744913,0.168576,9.687794,0.000000,0.000000,0,0,,38.991391,-76.936686,-9.267000,,,
2026-09-11T17:37:58.277,0.968846,-0.000000,-0.000000,-0.000000,0.000000,0.054932,-0.018899,-0.000000,0.000034,0.000072,-0.001108,-0.000000,-0.000527,0.000905,-0.000695,0.001555,0.744129,0.172303,9.676614,0.000000,0.000000,0,0,,38.991391,-76.936686,-9.267000,,,
2026-09-11T17:37:58.309,1.002268,-0.000000,-0.000000,-0.000000,0.000000,0.054932,-0.018899,-0.000000,-0.000708,-0.001491,-0.001132,-0.000000,-0.000538,-0.000235,-0.001632,-0.000007,0.743344,0.167105,9.681812,0.000000,0.000000,0,0,,38.991391,-76.936686,-9.267000,,,
2026-09-11T17:37:58.342,1.035674,-0.000000,-0.000000,-0.000000,0.000000,0.054932,-0.018899,-0.000000,-0.000274,-0.000577,-0.001167,-0.000000,-0.000554,0.000179,-0.001630,0.000907,0.744815,0.167105,9.677300,0.000000,0.000000,0,0,,38.991391,-76.936686,-9.267000,,,
2026-09-11T17:37:58.375,1.069082,-0.000000,-0.000000,-0.000000,0.000000,0.054932,-0.018899,-0.000000,-0.000456,-0.000960,-0.001192,-0.000000,-0.000566,-0.000558,-0.001374,0.000523,0.741187,0.173872,9.677399,0.000000,0.000000,0,0,,38.991391,-76.936686,-9.267000,,,
2026-09-11T17:37:58.408,1.102484,-0.000000,-0.000000,-0.000000,0.000000,0.054932,-0.018899,-0.000000,-0.001335,-0.002811,-0.001255,-0.000000,-0.000596,0.000814,0.001832,-0.001327,0.739618,0.167105,9.669847,0.000000,0.000000,0,0,,38.991391,-76.936686,-9.267000,,,
2026-09-11T17:37:58.443,1.135892,-0.000000,-0.000000,-0.000000,0.000000,0.054932,-0.018899,-0.000000,-0.000530,-0.001116,-0.001321,-0.000000,-0.000627,0.001219,-0.001215,0.000368,0.749326,0.176029,9.675045,0.000000,0.000000,0,0,,38.991391,-76.936686,-9.267000,,,
2026-09-11T17:37:58.476,1.169304,-0.000000,-0.000000,-0.000000,0.000000,0.054932,-0.018899,-0.000000,-0.000169,-0.000355,-0.001346,-0.000000,-0.000639,-0.001726,-0.001991,0.001129,0.741187,0.170832,9.677399,0.000000,0.000000,0,0,,38.991391,-76.936686,-9.267000,,,
2026-09-11T17:37:58.509,1.202718,-0.000000,-0.000000,-0.000000,0.000000,0.054932,-0.018899,-0.000000,-0.001668,-0.003512,-0.001410,-0.000000,-0.000670,-0.000963,0.000418,-0.002028,0.735989,0.171616,9.678183,0.000000,0.000000,0,0,,38.991391,-76.936686,-9.267000,,,
2026-09-11T17:37:58.542,1.236126,-0.000000,-0.000000,-0.000000,0.000000,0.054932,-0.018899,-0.000000,0.000306,0.000644,-0.001458,-0.000001,-0.000693,-0.002637,-0.001545,0.002127,0.741971,0.171616,9.679654,0.000000,0.000000,0,0,,38.991391,-76.936686,-9.267000,,,
2026-09-11T17:37:58.575,1.269531,-0.000000,-0.000000,-0.000000,0.000000,0.054932,-0.018899,-0.000000,0.000036,0.000075,-0.001446,-0.000000,-0.000687,-0.004236,-0.001302,0.001558,0.749326,0.178285,9.683283,0.000000,0.000000,0,0,,38.991391,-76.936686,-9.267000,,,
2026-09-11T17:37:58.609,1.302934,-0.000000,-0.000000,-0.000000,0.000000,0.054932,-0.018899,-0.000000,-0.001465,-0.003084,-0.001496,-0.000001,-0.000711,-0.003458,0.000113,-0.001601,0.744913,0.174558,9.675829,0.000000,0.000000,0,0,,38.991391,-76.936686,-9.267000,,,
2026-09-11T17:37:58.643,1.336343,-0.000000,-0.000000,-0.000000,0.000000,0.054932,-0.018899,-0.000000,-0.000520,-0.001094,-0.001566,-0.000001,-0.000744,-0.005242,-0.001776,0.000389,0.752857,0.163281,9.676516,0.000000,0.000000,0,0,,38.991391,-76.936686,-9.267000,,,
2026-09-11T17:37:58.677,1.369767,-0.000000,-0.000000,-0.000000,0.000000,0.054932,-0.018899,-0.000000,0.000195,0.000411,-0.001578,-0.000001,-0.000749,-0.004577,0.000015,0.001894,0.743540,0.182109,9.681812,0.000000,0.000000,0,0,,38.991391,-76.936686,-9.267000,,,
2026-09-11T17:37:58.710,1.403186,-0.000000,-0.000000,-0.000000,0.000000,0.054932,-0.018899,-0.000000,-0.000560,-0.001178,-0.001590,-0.000001,-0.000755,-0.003436,0.001165,0.000305,0.736774,0.164850,9.690147,0.000000,0.000000,0,0,,38.991391,-76.936686,-9.267000,,,
2026-09-11T17:37:58.742,1.436592,-0.000000,-0.000000,-0.000000,0.000000,0.054932,-0.018899,-0.000000,-0.000597,-0.001256,-0.001631,-0.000001,-0.000775,-0.002880,-0.000945,0.000227,0.742658,0.177598,9.675829,0.000000,0.000000,0,0,,38.991391,-76.936686,-9.267000,,,
2026-09-11T17:37:58.776,1.469999,-0.000000,-0.000000,-0.000000,0.000000,0.054932,-0.018899,-0.000000,-0.000249,-0.000524,-0.001661,-0.000001,-0.000789,-0.003287,0.000899,0.000959,0.742560,0.159652,9.681125,0.000000,0.000000,0,0,,38.991391,-76.936686,-9.267000,,,
2026-09-11T17:37:58.811,1.503419,-0.000000,-0.000000,-0.000000,0.000000,0.054932,-0.018899,-0.000000,-0.001161,-0.002444,-0.001710,-0.000001,-0.000812,-0.002077,0.001389,-0.000960,0.740500,0.178383,9.680341,0.000000,0.000000,0,0,,38.991391,-76.936686,-9.267000,,,
2026-09-11T17:37:58.845,1.536829,-0.000000,-0.000000,-0.000000,0.000000,0.054932,-0.018899,-0.000000,-0.000273,-0.000575,-0.001761,-0.000001,-0.000836,-0.000014,-0.002030,0.000908,0.739716,0.167105,9.682596,0.000000,0.000000,0,0,,38.991391,-76.936686,-9.267000,,,
2026-09-11T17:37:58.877,1.570236,-0.000000,-0.000000,-0.000000,0.000000,0.054932,-0.018899,-0.000000,-0.000826,-0.001739,-0.001799,-0.000001,-0.000855,-0.000807,0.001207,-0.000256,0.745600,0.167792,9.684067,0.000000,0.000000,0,0,,38.991391,-76.936686,-9.267000,,,
2026-09-11T17:37:58.911,1.603644,-0.000000,-0.000000,-0.000000,0.000000,0.054932,-0.018899,-0.000000,-0.001450,-0.003054,-0.001879,-0.000001,-0.000893,-0.000703,0.001413,-0.001570,0.744913,0.179069,9.683381,0.000000,0.000000,0,0,,38.991391,-76.936686,-9.267000,,,
2026-09-11T17:37:58.945,1.637060,-0.000000,-0.000000,-0.000000,0.000000,0.054932,-0.018899,-0.000000,-0.000728,-0.001533,-0.001956,-0.000001,-0.000929,-0.001890,-0.001326,-0.000049,0.755210,0.176029,9.672005,0.000000,0.000000,0,0,,38.991391,-76.936686,-9.267000,,,
2026-09-11T17:37:58.978,1.670463,-0.000000,-0.000000,-0.000000,0.000000,0.054932,-0.018899,-0.000000,-0.001684,-0.003544,-0.002041,-0.000001,-0.000969,0.001475,0.000720,-0.002061,0.765311,0.134645,9.688382,0.000000,0.000000,0,0,,38.991391,-76.936686,-9.267000,,,
2026-09-11T17:37:59.011,1.703878,-0.000000,-0.000000,-0.000000,0.000000,0.054932,-0.018899,-0.000000,-0.002465,-0.005189,-0.002187,-0.000001,-0.001039,0.006707,0.001932,-0.003706,0.747757,0.159554,9.693776,0.000000,0.000000,0,0,,38.991391,-76.936686,-9.267000,,,
2026-09-11T17:37:59.044,1.737334,-0.000000,-0.000000,-0.000000,0.000000,0.054932,-0.018899,-0.000000,-0.002750,-0.005790,-0.002371,-0.000001,-0.001126,0.012001,0.000161,-0.004307,0.709707,0.187601,9.681419,0.000000,0.000000,0,0,,38.991391,-76.936686,-9.267000,,,
2026-09-11T17:37:59.077,1.770733,-0.000000,-0.000000,-0.000000,0.000000,0.054932,-0.018899,-0.000000,-0.001166,-0.002454,-0.002508,-0.000001,-0.001191,0.017925,0.001295,-0.000971,0.695684,0.194466,9.681517,0.000000,0.000000,0,0,,38.991391,-76.936686,-9.267000,,,
2026-09-11T17:37:59.110,1.804136,-0.000000,-0.000000,-0.000000,0.000000,0.054932,-0.018899,-0.000000,-0.000784,-0.001651,-0.002577,-0.000002,-0.001224,0.016754,0.001208,-0.000167,0.725006,0.182208,9.667788,0.000000,0.000000,0,1,1.777955,38.991391,-76.936686,-9.275000,0.030393,-0.028169,3.489980
2026-09-11T17:37:59.145,1.837555,-0.000000,-0.000000,-0.000000,0.000000,0.054932,-0.018899,-0.000000,-0.001733,-0.003648,-0.002665,-0.000002,-0.001266,0.004250,0.000431,-0.002165,0.747365,0.212804,9.680341,0.000000,0.000000,0,0,,38.991391,-76.936686,-9.275000,,,
2026-09-11T17:37:59.178,1.870967,-0.000000,-0.000000,-0.000000,0.000000,0.054932,-0.018899,-0.000000,-0.000427,-0.000898,-0.002741,-0.000002,-0.001302,0.000254,0.002080,0.000585,0.775902,0.202115,9.660629,0.000000,0.000000,0,0,,38.991391,-76.936686,-9.275000,,,
2026-09-11T17:37:59.210,1.904369,-0.000000,-0.000000,-0.000000,0.000000,0.054932,-0.018899,-0.000000,-0.000530,-0.001115,-0.002775,-0.000002,-0.001318,-0.003299,0.000902,0.000368,0.779236,0.253012,9.664356,0.000000,0.000000,0,0,,38.991391,-76.936686,-9.275000,,,
2026-09-11T17:37:59.244,1.937776,-0.000000,-0.000000,-0.000000,0.000000,0.054932,-0.018899,-0.000000,-0.000141,-0.000297,-0.002798,-0.000002,-0.001329,-0.005405,0.001661,0.001187,0.766978,0.173676,9.682400,0.000000,0.000000,0,0,,38.991391,-76.936686,-9.275000,,,
2026-09-11T17:37:59.278,1.971200,-0.000000,-0.000000,-0.000000,0.000000,0.054932,-0.018899,-0.000000,-0.000995,-0.002095,-0.002838,-0.000002,-0.001348,-0.008222,0.002354,-0.000612,0.759623,0.174460,9.683969,0.000000,0.000000,0,0,,38.991391,-76.936686,-9.275000,,,
2026-09-11T17:37:59.313,2.004611,-0.000000,-0.000000,-0.000000,0.000000,0.054932,-0.018899,-0.000000,-0.000311,-0.000655,-0.002884,-0.000002,-0.001370,-0.013110,-0.000242,0.000828,0.749032,0.143864,9.672005,0.000000,0.000000,0,0,,38.991391,-76.936686,-9.275000,,,
2026-09-11T17:37:59.346,2.038030,-0.000000,-0.000000,-0.000000,0.000000,0.054932,-0.018899,-0.000000,-0.001333,-0.002806,-0.002942,-0.000002,-0.001398,-0.004333,0.001688,-0.001323,0.736283,0.182109,9.704367,0.000000,0.000000,0,0,,38.991391,-76.936686,-9.275000,,,
2026-09-11T17:37:59.379,2.071453,-0.000000,-0.000000,-0.000000,0.000000,0.054932,-0.018899,-0.000000,-0.001587,-0.003342,-0.003045,-0.000002,-0.001446,0.001141,0.001310,-0.001858,0.728046,0.170145,9.693972,0.000000,0.000000,0,0,,38.991391,-76.936686,-9.275000,,,
2026-09-11T17:37:59.411,2.104874,-0.000000,-0.000000,-0.000000,0.000000,0.054932,-0.018899,-0.000000,-0.000269,-0.000567,-0.003110,-0.000002,-0.001477,0.009391,0.000562,0.000917,0.691271,0.192995,9.672593,0.000000,0.000000,0,0,,38.991391,-76.936686,-9.275000,,,
2026-09-11T17:37:59.446,2.138295,-0.000000,-0.000000,-0.000000,0.000000,0.054932,-0.018899,-0.000000,-0.001601,-0.003370,-0.003176,-0.000002,-0.001509,0.012768,0.000625,-0.001887,0.680483,0.130919,9.679360,0.000000,0.000000,0,0,,38.991391,-76.936686,-9.275000,,,
2026-09-11T17:37:59.479,2.171718,-0.000000,-0.000000,-0.000000,0.000000,0.054932,-0.018899,-0.000000,-0.001833,-0.003860,-0.003297,-0.000003,-0.001566,0.014999,0.000860,-0.002376,0.764134,0.200644,9.667396,0.000000,0.000000,0,0,,38.991391,-76.936686,-9.275000,,,
2026-09-11T17:37:59.512,2.205140,-0.000000,-0.000000,-0.000000,0.000000,0.054932,-0.018899,-0.000000,-0.000803,-0.001691,-0.003390,-0.000003,-0.001610,0.009782,-0.000685,-0.000207,0.730203,0.183679,9.668474,0.000000,0.000000,0,0,,38.991391,-76.936686,-9.275000,,,
2026-09-11T17:37:59.545,2.238617,-0.000000,-0.000000,-0.000000,0.000000,0.054932,-0.018899,-0.000000,-0.000568,-0.001195,-0.003438,-0.000003,-0.001633,0.012150,0.000606,0.000288,0.701470,0.179462,9.675437,0.000000,0.000000,0,0,,38.991391,-76.936686,-9.275000,,,
2026-09-11T17:37:59.579,2.272048,-0.000000,-0.000000,-0.000000,0.000000,0.054932,-0.018899,-0.000000,-0.001459,-0.003071,-0.003509,-0.000003,-0.001667,0.005313,0.000710,-0.001588,0.795025,0.184659,9.673182,0.000000,0.000000,0,0,,38.991391,-76.936686,-9.275000,,,
2026-09-11T17:37:59.613,2.305468,-0.000000,-0.000000,-0.000000,0.000000,0.054932,-0.018899,-0.000000,-0.001552,-0.003266,-0.003615,-0.000003,-0.001717,-0.004461,0.000761,-0.001783,0.804832,0.229574,9.664061,0.000000,0.000000,0,0,,38.991391,-76.936686,-9.275000,,,
2026-09-11T17:37:59.646,2.338886,-0.000000,-0.000000,-0.000000,0.000000,0.054932,-0.018899,-0.000000,0.000080,0.000169,-0.003667,-0.000003,-0.001742,-0.006104,0.000324,0.001653,0.743246,0.235948,9.693874,0.000000,0.000000,0,0,,38.991391,-76.936686,-9.275000,,,
2026-09-11T17:37:59.679,2.372303,-0.000000,-0.000000,-0.000000,0.000000,0.054932,-0.018899,-0.000000,0.000894,0.001882,-0.003633,-0.000003,-0.001726,-0.011347,-0.000027,0.003365,0.757564,0.196231,9.674947,0.000000,0.000000,0,0,,38.991391,-76.936686,-9.275000,,,
2026-09-11T17:37:59.714,2.405721,-0.000000,-0.000000,-0.000000,0.000000,0.054932,-0.018899,-0.000000,-0.000226,-0.000475,-0.003609,-0.000003,-0.001714,-0.021127,0.002218,0.001008,0.772372,0.204371,9.671907,0.000000,0.000000,0,0,,38.991391,-76.936686,-9.275000,,,
2026-09-11T17:37:59.746,2.439138,-0.000000,-0.000000,-0.000000,0.000000,0.054932,-0.018899,-0.000000,-0.000282,-0.000594,-0.003627,-0.000003,-0.001723,-0.017596,-0.000376,0.000889,0.713924,0.160535,9.691128,0.000000,0.000000,0,0,,38.991391,-76.936686,-9.275000,,,
2026-09-11T17:37:59.779,2.472555,-0.000000,-0.000000,-0.000000,0.000000,0.054932,-0.018899,-0.000000,0.000421,0.000886,-0.003622,-0.000003,-0.001721,-0.010814,-0.001803,0.002369,0.718337,0.150728,9.700052,0.000000,0.000000,0,0,,38.991391,-76.936686,-9.275000,,,
2026-09-11T17:37:59.813,2.505976,-0.000000,-0.000000,-0.000000,0.000000,0.054932,-0.018899,-0.000000,-0.001057,-0.002226,-0.003645,-0.000003,-0.001731,0.001102,0.000907,-0.000742,0.737166,0.126702,9.669847,0.000000,0.000000,0,0,,38.991391,-76.936686,-9.275000,,,
2026-09-11T17:37:59.847,2.539396,-0.000000,-0.000000,-0.000000,0.000000,0.054932,-0.018899,-0.000000,-0.001140,-0.002400,-0.003722,-0.000003,-0.001768,0.003780,-0.002097,-0.000916,0.712551,0.174755,9.692599,0.000000,0.000000,0,0,,38.991391,-76.936686,-9.275000,,,
2026-09-11T17:37:59.880,2.572813,-0.000000,-0.000000,-0.000000,0.000000,0.054932,-0.018899,-0.000000,-0.001558,-0.003280,-0.003817,-0.000003,-0.001813,0.005863,-0.001201,-0.001796,0.741089,0.164163,9.675143,0.000000,0.000000,0,0,,38.991391,-76.936686,-9.275000,,,
2026-09-11T17:37:59.913,2.606236,-0.000000,-0.000000,-0.000000,0.000000,0.054932,-0.018899,-0.000000,-0.001736,-0.003654,-0.003933,-0.000004,-0.001868,0.009586,0.001174,-0.002171,0.762565,0.173676,9.677889,0.000000,0.000000,0,0,,38.991391,-76.936686,-9.275000,,,
2026-09-11T17:37:59.946,2.639651,-0.000000,-0.000000,-0.000000,0.000000,0.054932,-0.018899,-0.000000,-0.001482,-0.003120,-0.004046,-0.000004,-0.001922,0.008572,-0.001161,-0.001636,0.733832,0.173185,9.681223,0.000000,0.000000,0,0,,38.991391,-76.936686,-9.275000,,,
2026-09-11T17:37:59.980,2.673071,-0.000000,-0.000000,-0.000000,0.000000,0.054932,-0.018899,-0.000000,-0.001401,-0.002950,-0.004147,-0.000004,-0.001970,0.005675,-0.001470,-0.001466,0.747071,0.176029,9.672103,0.000000,0.000000,0,0,,38.991391,-76.936686,-9.275000,,,
2026-09-11T17:38:00.014,2.706492,-0.000000,-0.000000,-0.000000,0.000000,0.054932,-0.018899,-0.000000,-0.002129,-0.004481,-0.004271,-0.000004,-0.002029,0.007654,0.001281,-0.002998,0.748345,0.228495,9.690834,0.000000,0.000000,0,0,,38.991391,-76.936686,-9.275000,,,
2026-09-11T17:38:00.047,2.739909,-0.000000,-0.000000,-0.000000,0.000000,0.054932,-0.018899,-0.000000,-0.001319,-0.002777,-0.004393,-0.000005,-0.002087,0.002765,-0.000787,-0.001294,0.734812,0.182796,9.706622,0.000000,0.000000,0,0,,38.991391,-76.936686,-9.275000,,,
2026-09-11T17:38:00.080,2.773334,-0.000000,-0.000000,-0.000000,0.000000,0.054932,-0.018899,-0.000000,0.000002,0.000005,-0.004439,-0.000005,-0.002109,0.000791,-0.002087,0.001488,0.744423,0.222611,9.660139,0.000000,0.000000,0,0,,38.991391,-76.936686,-9.275000,,,
2026-09-11T17:38:00.113,2.806759,-0.000000,-0.000000,-0.000000,0.000000,0.054932,-0.018899,-0.000000,0.000506,0.001064,-0.004421,-0.000005,-0.002100,0.010148,0.000633,0.002548,0.739029,0.179854,9.672887,0.000000,0.000000,0,1,2.786515,38.991391,-76.936686,-9.267000,0.041916,-0.032803,3.489980
2026-09-11T17:38:00.148,2.840178,-0.000000,-0.000000,-0.000000,0.000000,0.054932,-0.018899,-0.000000,-0.000524,-0.001104,-0.004422,-0.000005,-0.002100,0.000300,-0.001559,0.000380,0.737754,0.209078,9.671416,0.000000,0.000000,0,0,,38.991391,-76.936686,-9.267000,,,
2026-09-11T17:38:00.180,2.873608,-0.000000,-0.000000,-0.000000,0.000000,-0.011673,0.004016,-0.000000,0.000828,0.001743,-0.004411,-0.000005,-0.002095,0.032058,-0.002812,0.003227,0.821013,-0.270958,9.955319,0.000000,0.000000,0,0,,38.991391,-76.936686,-9.267000,,,
2026-09-11T17:38:00.214,2.907033,-0.000000,-0.000000,-0.000000,0.000000,0.054932,-0.018899,-0.000000,-0.001091,-0.002296,-0.004420,-0.000005,-0.002100,0.001067,-0.001477,-0.000812,0.767959,0.490921,9.837639,0.000000,0.000000,0,0,,38.991391,-76.936686,-9.267000,,,
2026-09-11T17:38:00.247,2.940451,-0.000000,-0.000000,-0.000000,0.000000,0.547256,-0.188276,-0.000000,-0.003804,-0.008007,-0.004593,-0.000005,-0.002181,-0.028010,-0.002421,-0.006524,0.630371,-0.011180,9.740455,0.000000,0.000000,0,0,,38.991391,-76.936686,-9.267000,,,
2026-09-11T17:38:00.281,2.973878,-0.000000,-0.000000,-0.000000,0.000000,1.411057,-0.485455,-0.000000,-0.006155,-0.012958,-0.004943,-0.000006,-0.002348,-0.030395,0.000808,-0.011475,0.670775,0.369417,9.587373,0.000000,0.000000,0,0,,38.991391,-76.936686,-9.267000,,,
2026-09-11T17:38:00.315,3.007295,-0.000000,-0.000000,-0.000000,0.000000,1.636963,-0.563175,-0.000000,-0.001059,-0.002229,-0.005197,-0.000006,-0.002468,-0.013273,-0.000237,-0.000745,0.779629,0.140725,9.614832,0.000000,0.000000,0,0,,38.991391,-76.936686,-9.267000,,,
2026-09-11T17:38:00.348,3.040711,-0.000000,-0.000000,-0.000000,0.000000,1.636963,-0.563175,-0.000000,0.001668,0.003511,-0.005175,-0.000006,-0.002458,-0.010575,-0.001082,0.004994,0.800713,0.273115,9.658177,0.000000,0.000000,0,0,,38.991391,-76.936686,-9.267000,,,
2026-09-11T17:38:00.381,3.074132,-0.000000,-0.000000,-0.000000,0.000000,1.636963,-0.563175,-0.000000,0.001212,0.002551,-0.005074,-0.000006,-0.002410,-0.012197,0.000354,0.004034,0.767861,0.068647,9.718292,0.000000,0.000000,0,0,,38.991391,-76.936686,-9.267000,,,
2026-09-11T17:38:00.414,3.107552,-0.000000,-0.000000,-0.000000,0.000000,1.636963,-0.563175,-0.000000,0.001328,0.002795,-0.004985,-0.000006,-0.002368,-0.001658,-0.002467,0.004279,0.784042,0.191524,9.682988,0.000000,0.000000,0,0,,38.991391,-76.936686,-9.267000,,,
2026-09-11T17:38:00.448,3.140971,-0.000000,-0.000000,-0.000000,0.000000,1.636963,-0.563175,-0.000000,-0.000332,-0.000699,-0.004950,-0.000006,-0.002351,0.004576,0.000092,0.000785,0.687152,0.121014,9.689853,0.000000,0.000000,0,0,,38.991391,-76.936686,-9.267000,,,
2026-09-11T17:38:00.482,3.174398,-0.000000,-0.000000,-0.000000,0.000000,1.636963,-0.563175,-0.000000,-0.002856,-0.006013,-0.005062,-0.000006,-0.002404,0.008908,-0.000878,-0.004529,0.666068,0.154847,9.708780,0.000000,0.000000,0,0,,38.991391,-76.936686,-9.267000,,,
2026-09-11T17:38:00.515,3.207817,-0.000000,-0.000000,-0.000000,0.000000,1.680908,-0.578294,-0.000000,0.000667,0.001404,-0.005139,-0.000006,-0.002441,0.008937,-0.002035,0.002887,0.717749,0.185248,9.685048,0.000000,0.000000,0,0,,38.991391,-76.936686,-9.267000,,,
2026-09-11T17:38:00.548,3.241238,-0.000000,-0.000000,-0.000000,0.000000,1.717300,-0.590814,-0.000000,-0.000654,-0.001378,-0.005138,-0.000006,-0.002441,0.011091,0.000591,0.000106,0.724417,0.191230,9.680537,0.000000,0.000000,0,0,,38.991391,-76.936686,-9.267000,,,
2026-09-11T17:38:00.581,3.274666,-0.000000,-0.000000,-0.000000,0.000000,1.744080,-0.600027,-0.000000,-0.002452,-0.005163,-0.005248,-0.000007,-0.002493,0.009488,0.001378,-0.003679,0.742756,0.176814,9.680341,0.000000,0.000000,0,0,,38.991391,-76.936686,-9.267000,,,
2026-09-11T17:38:00.616,3.308085,-0.000000,-0.000000,-0.000000,0.000000,1.821671,-0.626722,-0.000000,0.000536,0.001129,-0.005315,-0.000007,-0.002525,0.004976,-0.002425,0.002612,0.821601,0.200252,9.662394,0.000000,0.000000,0,0,,38.991391,-76.936686,-9.267000,,,
2026-09-11T17:38:00.649,3.341499,-0.000000,-0.000000,-0.000000,0.000000,1.900635,-0.653888,-0.000000,-0.000351,-0.000739,-0.005309,-0.000007,-0.002522,-0.002277,-0.000872,0.000745,0.840626,0.188092,9.657785,0.000000,0.000000,0,0,,38.991391,-76.936686,-9.267000,,,
2026-09-11T17:38:00.683,3.374925,-0.000000,-0.000000,-0.000000,0.000000,2.022171,-0.695701,-0.000000,-0.001008,-0.002122,-0.005356,-0.000007,-0.002544,-0.016424,-0.001345,-0.000639,0.790220,0.230456,9.675437,0.000000,0.000000,0,0,,38.991391,-76.936686,-9.267000,,,
2026-09-11T17:38:00.716,3.408342,-0.000000,-0.000000,-0.000000,0.000000,2.032471,-0.699245,-0.000000,-0.000208,-0.000438,-0.005399,-0.000007,-0.002565,-0.019560,-0.001333,0.001045,0.752366,0.182011,9.680242,0.000000,0.000000,0,0,,38.991391,-76.936686,-9.267000,,,
2026-09-11T17:38:00.749,3.441758,-0.000000,-0.000000,-0.000000,0.000000,2.032471,-0.699245,-0.000000,-0.000206,-0.000435,-0.005414,-0.000007,-0.002572,-0.019339,0.001848,0.001049,0.745600,0.172303,9.672789,0.000000,0.000000,0,0,,38.991391,-76.936686,-9.267000,,,
2026-09-11T17:38:00.783,3.475186,-0.000000,-0.000000,-0.000000,0.000000,2.032471,-0.699245,-0.000000,-0.000145,-0.000304,-0.005426,-0.000007,-0.002577,-0.009513,0.002724,0.001179,0.719906,0.185248,9.679066,0.000000,0.000000,0,0,,38.991391,-76.936686,-9.267000,,,
2026-09-11T17:38:00.816,3.508601,-0.000000,-0.000000,-0.000000,0.000000,2.032471,-0.699245,-0.000000,0.000664,0.001397,-0.005408,-0.000007,-0.002569,-0.014446,-0.000933,0.002880,0.695291,0.139745,9.677791,0.000000,0.000000,0,0,,38.991391,-76.936686,-9.267000,,,
2026-09-11T17:38:00.849,3.542020,-0.000000,-0.000000,-0.000000,0.000000,2.032471,-0.699245,-0.000000,0.000138,0.000291,-0.005380,-0.000007,-0.002555,-0.010133,0.000660,0.001774,0.682151,0.145825,9.683871,0.000000,0.000000,0,0,,38.991391,-76.936686,-9.267000,,,
2026-09-11T17:38:00.884,3.575449,-0.000000,-0.000000,-0.000000,0.000000,2.032471,-0.699245,-0.000000,0.000172,0.000362,-0.005369,-0.000007,-0.002550,-0.010892,-0.001669,0.001846,0.710982,0.161319,9.690343,0.000000,0.000000,0,0,,38.991391,-76.936686,-9.267000,,,
2026-09-11T17:38:00.917,3.608948,-0.000000,-0.000000,-0.000000,0.000000,2.032471,-0.699245,-0.000000,0.000310,0.000652,-0.005352,-0.000007,-0.002542,-0.007686,0.000828,0.002135,0.789043,0.175735,9.666415,0.000000,0.000000,0,0,,38.991391,-76.936686,-9.267000,,,
2026-09-11T17:38:00.950,3.642366,-0.000000,-0.000000,-0.000000,0.000000,2.032471,-0.699245,-0.000000,-0.001871,-0.003938,-0.005407,-0.000007,-0.002568,-0.003228,0.001379,-0.002455,0.804341,0.153180,9.673770,0.000000,0.000000,0,0,,38.991391,-76.936686,-9.267000,,,
2026-09-11T17:38:00.984,3.675791,-0.000000,-0.000000,-0.000000,0.000000,2.032471,-0.699245,-0.000000,-0.000772,-0.001626,-0.005500,-0.000007,-0.002612,-0.009549,-0.001375,-0.000142,0.767567,0.157887,9.674849,0.000000,0.000000,0,0,,38.991391,-76.936686,-9.267000,,,
2026-09-11T17:38:01.017,3.709227,-0.000000,-0.000000,-0.000000,0.000000,2.032471,-0.699245,-0.000000,0.000282,0.000594,-0.005517,-0.000007,-0.002621,-0.008400,-0.000110,0.002077,0.753543,0.152788,9.681713,0.000000,0.000000,0,0,,38.991391,-76.936686,-9.267000,,,
2026-09-11T17:38:01.050,3.742651,-0.000000,-0.000000,-0.000000,0.000000,2.032471,-0.699245,-0.000000,-0.000311,-0.000655,-0.005518,-0.000007,-0.002621,-0.003294,0.001231,0.000829,0.716866,0.157495,9.689559,0.000000,0.000000,0,0,,38.991391,-76.936686,-9.267000,,,
2026-09-11T17:38:01.084,3.776067,-0.000000,-0.000000,-0.000000,0.000000,2.032471,-0.699245,-0.000000,0.000645,0.001358,-0.005506,-0.000007,-0.002615,-0.006545,0.000445,0.002841,0.711571,0.138862,9.688872,0.000000,0.000000,0,1,3.773566,38.991390,-76.936686,-9.328000,0.063667,-0.051706,3.489980
2026-09-11T17:38:01.117,3.809490,-0.000000,-0.000000,-0.000000,0.000000,2.032471,-0.699245,-0.000000,-0.001295,-0.002727,-0.005529,-0.000007,-0.002626,-0.005508,0.000875,-0.001243,0.734322,0.143962,9.669161,0.000000,0.000000,0,0,,38.991390,-76.936686,-9.328000,,,
2026-09-11T17:38:01.150,3.842910,-0.000000,-0.000000,-0.000000,0.000000,2.032471,-0.699245,-0.000000,0.000363,0.000765,-0.005562,-0.000007,-0.002642,-0.001485,0.001318,0.002249,0.746286,0.161810,9.684067,0.000000,0.000000,0,0,,38.991390,-76.936686,-9.328000,,,
2026-09-11T17:38:01.185,3.876339,-0.000000,-0.000000,-0.000000,0.000000,2.032471,-0.699245,-0.000000,-0.000096,-0.000201,-0.005552,-0.000007,-0.002637,-0.008130,-0.001691,0.001282,0.742461,0.147688,9.669847,0.000000,0.000000,0,0,,38.991390,-76.936686,-9.328000,,,
2026-09-11T17:38:01.217,3.909755,-0.000000,-0.000000,-0.000000,0.000000,2.032471,-0.699245,-0.000000,-0.001338,-0.002817,-0.005603,-0.000007,-0.002661,-0.008358,0.001561,-0.001334,0.745403,0.137097,9.694560,0.000000,0.000000,0,0,,38.991390,-76.936686,-9.328000,,,
2026-09-11T17:38:01.250,3.943172,-0.000000,-0.000000,-0.000000,0.000000,2.032471,-0.699245,-0.000000,-0.000687,-0.001447,-0.005674,-0.000008,-0.002695,-0.003283,-0.000685,0.000037,0.735793,0.140235,9.675928,0.000000,0.000000,0,0,,38.991390,-76.936686,-9.328000,,,
2026-09-11T17:38:01.285,3.976598,-0.000000,-0.000000,-0.000000,0.000000,2.032471,-0.699245,-0.000000,-0.001995,-0.004200,-0.005769,-0.000008,-0.002740,-0.003483,0.000317,-0.002716,0.716474,0.119347,9.676810,0.000000,0.000000,0,0,,38.991390,-76.936686,-9.328000,,,
2026-09-11T17:38:01.317,4.010018,-0.000000,-0.000000,-0.000000,0.000000,2.032471,-0.699245,-0.000000,-0.000764,-0.001609,-0.005866,-0.000008,-0.002786,0.004263,0.002343,-0.000126,0.715395,0.155337,9.691814,0.000000,0.000000,0,0,,38.991390,-76.936686,-9.328000,,,
2026-09-11T17:38:01.351,4.043439,-0.000000,-0.000000,-0.000000,0.000000,2.032471,-0.699245,-0.000000,-0.001315,-0.002768,-0.005939,-0.000008,-0.002821,0.007166,0.000803,-0.001285,0.708727,0.142883,9.563739,0.000000,0.000000,0,0,,38.991390,-76.936686,-9.328000,,,
2026-09-11T17:38:01.385,4.076869,-0.000000,-0.000000,-0.000000,0.000000,2.032471,-0.699245,-0.000000,-0.002434,-0.005123,-0.006071,-0.000009,-0.002884,0.015617,-0.002700,-0.003640,0.664106,-0.112188,9.557267,0.000000,0.000000,0,0,,38.991390,-76.936686,-9.328000,,,
2026-09-11T17:38:01.417,4.110285,-0.000000,-0.000000,-0.000000,0.000000,2.120361,-0.729482,-0.000000,-0.000900,-0.001895,-0.006188,-0.000009,-0.002939,0.015247,0.000061,-0.000412,0.563588,0.258797,9.523826,0.000000,0.000000,0,0,,38.991390,-76.936686,-9.328000,,,
2026-09-11T17:38:01.451,4.143702,-0.000000,-0.000000,-0.000000,0.000000,2.120361,-0.729482,-0.000000,-0.000935,-0.001968,-0.006252,-0.000009,-0.002970,0.010588,-0.002128,-0.000484,0.634392,0.231927,9.861960,0.000000,0.000000,0,0,,38.991390,-76.936686,-9.328000,,,
2026-09-11T17:38:01.486,4.177125,-0.000000,-0.000000,-0.000000,0.000000,2.120361,-0.729482,-0.000000,0.000484,0.001019,-0.006268,-0.000009,-0.002977,0.004301,0.003325,0.002502,0.892405,0.118464,9.810181,0.000000,0.000000,0,0,,38.991390,-76.936686,-9.328000,,,
2026-09-11T17:38:01.518,4.210557,-0.000000,-0.000000,-0.000000,0.000000,2.120361,-0.729482,-0.000000,-0.000814,-0.001713,-0.006280,-0.000009,-0.002983,-0.002235,0.004363,-0.000230,1.167188,0.040207,9.656412,0.000000,0.000000,0,0,,38.991390,-76.936686,-9.328000,,,
2026-09-11T17:38:01.552,4.243979,-0.000000,-0.000000,-0.000000,0.000000,2.120361,-0.729482,-0.000000,0.000506,0.001065,-0.006291,-0.000009,-0.002988,-0.008945,0.001800,0.002549,1.152183,0.076198,9.707505,0.000000,0.000000,0,0,,38.991390,-76.936686,-9.328000,,,
2026-09-11T17:38:01.585,4.277398,-0.000000,-0.000000,-0.000000,0.000000,2.120361,-0.729482,-0.000000,-0.002356,-0.004961,-0.006356,-0.000010,-0.003019,-0.005296,0.001484,-0.003477,0.929180,0.100420,9.690736,0.000000,0.000000,0,0,,38.991390,-76.936686,-9.328000,,,
2026-09-11T17:38:01.618,4.310815,-0.000000,-0.000000,-0.000000,0.000000,2.120361,-0.729482,-0.000000,-0.002363,-0.004975,-0.006522,-0.000010,-0.003098,-0.004484,0.000040,-0.003491,0.648220,0.292827,9.752419,0.000000,0.000000,0,0,,38.991390,-76.936686,-9.328000,,,
2026-09-11T17:38:01.653,4.344235,-0.000000,-0.000000,-0.000000,0.000000,2.120361,-0.729482,-0.000000,-0.001669,-0.003513,-0.006664,-0.000011,-0.003165,-0.005530,0.001342,-0.002030,0.592420,0.187797,9.657687,0.000000,0.000000,0,0,,38.991390,-76.936686,-9.328000,,,
2026-09-11T17:38:01.686,4.377654,-0.000000,-0.000000,-0.000000,0.000000,2.120361,-0.729482,-0.000000,-0.000293,-0.000617,-0.006733,-0.000011,-0.003198,-0.001429,0.000067,0.000866,0.505337,0.158574,9.646409,0.000000,0.000000,0,0,,38.991390,-76.936686,-9.328000,,,
2026-09-11T17:38:01.719,4.411073,-0.000000,-0.000000,-0.000000,0.000000,2.120361,-0.729482,-0.000000,-0.001489,-0.003134,-0.006795,-0.000011,-0.003228,-0.004644,-0.000169,-0.001651,0.506906,0.140431,9.691422,0.000000,0.000000,0,0,,38.991390,-76.936686,-9.328000,,,
2026-09-11T17:38:01.752,4.444488,-0.000000,-0.000000,-0.000000,0.000000,2.164307,-0.744601,-0.000000,0.000321,0.000676,-0.006836,-0.000011,-0.003247,-0.028740,0.000575,0.002159,0.538973,0.197114,9.688088,0.000000,0.000000,0,0,,38.991390,-76.936686,-9.328000,,,
2026-09-11T17:38:01.787,4.477907,-0.000000,-0.000000,-0.000000,0.000000,2.164307,-0.744601,-0.000000,0.000659,0.001388,-0.006802,-0.000011,-0.003231,-0.037698,0.000172,0.002872,0.630077,0.158966,9.706034,0.000000,0.000000,0,0,,38.991390,-76.936686,-9.328000,,,
2026-09-11T17:38:01.819,4.511346,-0.000000,-0.000000,-0.000000,0.000000,2.164307,-0.744601,-0.000000,0.001740,0.003664,-0.006717,-0.000011,-0.003191,-0.045826,-0.000756,0.005148,0.826701,0.105814,9.651117,0.000000,0.000000,0,0,,38.991390,-76.936686,-9.328000,,,
2026-09-11T17:38:01.853,4.544765,-0.000000,-0.000000,-0.000000,0.000000,2.164307,-0.744601,-0.000000,0.002114,0.004451,-0.006582,-0.000010,-0.003126,-0.035564,0.002971,0.005935,0.954285,0.119053,9.672495,0.000000,0.000000,0,0,,38.991390,-76.936686,-9.328000,,,
2026-09-11T17:38:01.886,4.578186,-0.000000,-0.000000,-0.000000,0.000000,2.097702,-0.721686,-0.000000,0.001421,0.002991,-0.006458,-0.000010,-0.003067,-0.025192,0.000288,0.004474,0.911724,-0.027361,9.632386,0.000000,0.000000,0,0,,38.991390,-76.936686,-9.328000,,,
2026-09-11T17:38:01.919,4.611610,-0.000000,-0.000000,-0.000000,0.000000,2.097702,-0.721686,-0.000000,-0.000024,-0.000051,-0.006408,-0.000010,-0.003044,-0.014149,-0.000591,0.001433,0.853375,0.016475,9.662100,0.000000,0.000000,0,0,,38.991390,-76.936686,-9.328000,,,
2026-09-11T17:38:01.953,4.645028,-0.000000,-0.000000,-0.000000,0.000000,2.097702,-0.721686,-0.000000,-0.002341,-0.004929,-0.006492,-0.000010,-0.003083,0.016302,0.000619,-0.003445,0.727555,0.033931,9.668474,0.000000,0.000000,0,0,,38.991390,-76.936686,-9.328000,,,
2026-09-11T17:38:01.987,4.678447,-0.000000,-0.000000,-0.000000,0.000000,2.097702,-0.721686,-0.000000,-0.001389,-0.002924,-0.006623,-0.000010,-0.003146,0.037307,-0.002315,-0.001440,0.604972,0.066195,9.699463,0.000000,0.000000,0,0,,38.991390,-76.936686,-9.328000,,,
2026-09-11T17:38:02.019,4.711868,-0.000000,-0.000000,-0.000000,0.000000,2.097702,-0.721686,-0.000000,-0.001334,-0.002809,-0.006719,-0.000011,-0.003191,0.048018,-0.003412,-0.001326,0.473955,0.079238,9.687892,0.000000,0.000000,0,0,,38.991390,-76.936686,-9.328000,,,
2026-09-11T17:38:02.053,4.745282,-0.000000,-0.000000,-0.000000,0.000000,2.097702,-0.721686,-0.000000,-0.001692,-0.003562,-0.006825,-0.000011,-0.003242,0.060243,-0.000641,-0.002078,0.568393,0.099537,9.685636,0.000000,0.000000,0,0,,38.991390,-76.936686,-9.328000,,,
2026-09-11T17:38:02.086,4.778777,-0.000000,-0.000000,-0.000000,0.000000,2.097702,-0.721686,-0.000000,0.000351,0.000739,-0.006872,-0.000011,-0.003264,0.062638,-0.000690,0.002223,0.670383,0.161712,9.675731,0.000000,0.000000,0,0,,38.991390,-76.936686,-9.328000,,,
2026-09-11T17:38:02.121,4.812213,-0.000000,-0.000000,-0.000000,0.000000,2.097702,-0.721686,-0.000000,0.000004,0.000009,-0.006860,-0.000011,-0.003258,0.053338,-0.002284,0.001493,0.764330,0.125721,9.668867,0.000000,0.000000,0,1,4.787039,38.991390,-76.936686,-9.288000,0.047678,-0.054486,4.225751
2026-09-11T17:38:02.154,4.845653,-0.000000,-0.000000,-0.000000,0.000000,2.097702,-0.721686,-0.000000,-0.000980,-0.002063,-0.006894,-0.000011,-0.003275,0.042220,0.001661,-0.000580,0.879068,0.220061,9.646213,0.000000,0.000000,0,0,,38.991390,-76.936686,-9.288000,,,
2026-09-11T17:38:02.187,4.879091,-0.000000,-0.000000,-0.000000,0.000000,2.097702,-0.721686,-0.000000,-0.000016,-0.000033,-0.006929,-0.000011,-0.003291,0.028136,0.001439,0.001451,0.925159,0.143962,9.688480,0.000000,0.000000,0,0,,38.991390,-76.936686,-9.288000,,,
2026-09-11T17:38:02.220,4.912509,-0.000000,-0.000000,-0.000000,0.000000,2.097702,-0.721686,-0.000000,-0.000763,-0.001606,-0.006957,-0.000011,-0.003304,0.008272,-0.001172,-0.000122,0.947224,0.153572,9.674064,0.000000,0.000000,0,0,,38.991390,-76.936686,-9.288000,,,
2026-09-11T17:38:02.254,4.945927,-0.000000,-0.000000,-0.000000,0.000000,2.097702,-0.721686,-0.000000,-0.002339,-0.004925,-0.007066,-0.000012,-0.003356,-0.012693,0.001769,-0.003441,0.875636,0.225259,9.676222,0.000000,0.000000,0,0,,38.991390,-76.936686,-9.288000,,,
2026-09-11T17:38:02.288,4.979349,-0.000000,-0.000000,-0.000000,0.000000,2.097702,-0.721686,-0.000000,-0.001783,-0.003754,-0.007211,-0.000012,-0.003425,-0.031638,-0.001369,-0.002270,0.811206,0.200350,9.658079,0.000000,0.000000,0,0,,38.991390,-76.936686,-9.288000,,,
2026-09-11T17:38:02.321,5.012797,-0.000000,-0.000000,-0.000000,0.000000,2.097702,-0.721686,-0.000000,-0.000531,-0.001118,-0.007292,-0.000013,-0.003464,-0.037130,-0.001464,0.000366,0.780707,0.228985,9.685244,0.000000,0.000000,0,0,,38.991390,-76.936686,-9.288000,,,
2026-09-11T17:38:02.354,5.046219,-0.000000,-0.000000,-0.000000,0.000000,2.097702,-0.721686,-0.000000,0.000033,0.000069,-0.007310,-0.000013,-0.003472,-0.027683,-0.000333,0.001552,0.784042,0.196721,9.671024,0.000000,0.000000,0,0,,38.991390,-76.936686,-9.288000,,,
2026-09-11T17:38:02.387,5.079637,-0.000000,-0.000000,-0.000000,0.000000,2.097702,-0.721686,-0.000000,-0.000601,-0.001266,-0.007330,-0.000013,-0.003482,-0.026367,-0.001896,0.000218,0.737950,0.122877,9.688578,0.000000,0.000000,0,0,,38.991390,-76.936686,-9.288000,,,
2026-09-11T17:38:02.420,5.113085,-0.000000,-0.000000,-0.000000,0.000000,2.097702,-0.721686,-0.000000,0.000413,0.000870,-0.007336,-0.000013,-0.003485,-0.019020,-0.000338,0.002353,0.643709,0.127388,9.687205,0.000000,0.000000,0,0,,38.991390,-76.936686,-9.288000,,,
2026-09-11T17:38:02.454,5.146502,-0.000000,-0.000000,-0.000000,0.000000,2.097702,-0.721686,-0.000000,-0.000426,-0.000897,-0.007337,-0.000013,-0.003485,-0.004997,-0.000118,0.000586,0.587811,0.136803,9.691422,0.000000,0.000000,0,0,,38.991390,-76.936686,-9.288000,,,
2026-09-11T17:38:02.487,5.179922,-0.000000,-0.000000,-0.000000,0.000000,2.097702,-0.721686,-0.000000,-0.000257,-0.000541,-0.007361,-0.000013,-0.003496,-0.002218,-0.000077,0.000942,0.614485,0.153866,9.692697,0.000000,0.000000,0,0,,38.991390,-76.936686,-9.288000,,,
2026-09-11T17:38:02.521,5.213334,-0.000000,-0.000000,-0.000000,0.000000,2.097702,-0.721686,-0.000000,-0.001019,-0.002145,-0.007406,-0.000013,-0.003518,0.004679,0.000100,-0.000661,0.719514,0.127585,9.682008,0.000000,0.000000,0,0,,38.991390,-76.936686,-9.288000,,,
2026-09-11T17:38:02.555,5.246752,-0.000000,-0.000000,-0.000000,0.000000,2.097702,-0.721686,-0.000000,-0.000913,-0.001922,-0.007474,-0.000013,-0.003550,0.007531,-0.000520,-0.000439,0.782178,0.142098,9.673966,0.000000,0.000000,0,0,,38.991390,-76.936686,-9.288000,,,
2026-09-11T17:38:02.588,5.280172,-0.000000,-0.000000,-0.000000,0.000000,2.097702,-0.721686,-0.000000,0.000206,0.000434,-0.007499,-0.000013,-0.003562,0.003042,-0.001988,0.001917,0.809637,0.170342,9.676810,0.000000,0.000000,0,0,,38.991390,-76.936686,-9.288000,,,
2026-09-11T17:38:02.621,5.313593,-0.000000,-0.000000,-0.000000,0.000000,2.097702,-0.721686,-0.000000,-0.001207,-0.002542,-0.007534,-0.000013,-0.003579,0.000235,0.001094,-0.001058,0.801399,0.151709,9.675339,0.000000,0.000000,0,0,,38.991390,-76.936686,-9.288000,,,
2026-09-11T17:38:02.655,5.347008,-0.000000,-0.000000,-0.000000,0.000000,2.097702,-0.721686,-0.000000,-0.000586,-0.001233,-0.007597,-0.000014,-0.003608,0.000104,-0.001893,0.000250,0.735891,0.146217,9.684165,0.000000,0.000000,0,0,,38.991390,-76.936686,-9.288000,,,
2026-09-11T17:38:02.688,5.380427,-0.000000,-0.000000,-0.000000,0.000000,2.097702,-0.721686,-0.000000,-0.000662,-0.001394,-0.007641,-0.000014,-0.003629,-0.002239,0.000257,0.000090,0.707158,0.157691,9.676908,0.000000,0.000000,0,0,,38.991390,-76.936686,-9.288000,,,
2026-09-11T17:38:02.721,5.413846,-0.000000,-0.000000,-0.000000,0.000000,2.097702,-0.721686,-0.000000,-0.000928,-0.001953,-0.007697,-0.000014,-0.003656,0.000378,0.001160,-0.000469,0.716082,0.157593,9.677595,0.000000,0.000000,0,0,,38.991390,-76.936686,-9.288000,,,
2026-09-11T17:38:02.755,5.447263,-0.000000,-0.000000,-0.000000,0.000000,2.097702,-0.721686,-0.000000,0.000176,0.000370,-0.007723,-0.000014,-0.003668,-0.001911,-0.001930,0.001854,0.754328,0.152003,9.675731,0.000000,0.000000,0,0,,38.991390,-76.936686,-9.288000,,,
2026-09-11T17:38:02.788,5.480678,-0.000000,-0.000000,-0.000000,0.000000,2.097702,-0.721686,-0.000000,-0.000247,-0.000520,-0.007726,-0.000014,-0.003670,-0.003616,0.000828,0.000964,0.759427,0.151219,9.681713,0.000000,0.000000,0,0,,38.991390,-76.936686,-9.288000,,,
2026-09-11T17:38:02.822,5.514095,-0.000000,-0.000000,-0.000000,0.000000,2.097702,-0.721686,-0.000000,0.000131,0.000275,-0.007730,-0.000014,-0.003672,-0.004494,-0.001439,0.001759,0.751386,0.152788,9.675045,0.000000,0.000000,0,0,,38.991390,-76.936686,-9.288000,,,
2026-09-11T17:38:02.856,5.547515,-0.000000,-0.000000,-0.000000,0.000000,2.097702,-0.721686,-0.000000,0.000011,0.000024,-0.007725,-0.000014,-0.003669,-0.005231,-0.000986,0.001507,0.743932,0.142393,9.680341,0.000000,0.000000,0,0,,38.991390,-76.936686,-9.288000,,,
2026-09-11T17:38:02.889,5.580933,-0.000000,-0.000000,-0.000000,0.000000,2.097702,-0.721686,-0.000000,0.000062,0.000130,-0.007722,-0.000014,-0.003668,-0.003261,-0.000096,0.001613,0.733635,0.143962,9.678183,0.000000,0.000000,0,0,,38.991390,-76.936686,-9.288000,,,
2026-09-11T17:38:02.923,5.614353,-0.000000,-0.000000,-0.000000,0.000000,2.097702,-0.721686,-0.000000,-0.000054,-0.000114,-0.007722,-0.000014,-0.003668,-0.000136,-0.002100,0.001369,0.729124,0.131998,9.674457,0.000000,0.000000,0,0,,38.991390,-76.936686,-9.288000,,,
2026-09-11T17:38:02.955,5.647768,-0.000000,-0.000000,-0.000000,0.000000,2.097702,-0.721686,-0.000000,0.000890,0.001873,-0.007692,-0.000014,-0.003654,-0.001235,-0.000934,0.003357,0.729223,0.152199,9.670730,0.000000,0.000000,0,0,,38.991390,-76.936686,-9.288000,,,
2026-09-11T17:38:02.989,5.681186,-0.000000,-0.000000,-0.000000,0.000000,2.097702,-0.721686,-0.000000,-0.001406,-0.002959,-0.007711,-0.000014,-0.003663,0.006883,0.001925,-0.001476,0.740892,0.138666,9.676614,0.000000,0.000000,0,0,,38.991390,-76.936686,-9.288000,,,
2026-09-11T17:38:03.023,5.714602,-0.000000,-0.000000,-0.000000,0.000000,2.097702,-0.721686,-0.000000,-0.000324,-0.000682,-0.007771,-0.000014,-0.003691,0.007836,-0.001778,0.000802,0.760996,0.157201,9.687695,0.000000,0.000000,0,0,,38.991390,-76.936686,-9.288000,,,
2026-09-11T17:38:03.056,5.748022,-0.000000,-0.000000,-0.000000,0.000000,2.097702,-0.721686,-0.000000,-0.001042,-0.002193,-0.007819,-0.000015,-0.003714,0.008242,0.000154,-0.000710,0.760310,0.165438,9.679458,0.000000,0.000000,0,0,,38.991390,-76.936686,-9.288000,,,
2026-09-11T17:38:03.089,5.781445,-0.000000,-0.000000,-0.000000,0.000000,2.097702,-0.721686,-0.000000,-0.000124,-0.000262,-0.007861,-0.000015,-0.003734,0.006355,0.000912,0.001222,0.755014,0.155043,9.671220,0.000000,0.000000,0,1,5.779149,38.991390,-76.936686,-9.274000,0.042492,-0.055783,4.224762
2026-09-11T17:38:03.123,5.814868,-0.000000,-0.000000,-0.000000,0.000000,2.097702,-0.721686,-0.000000,-0.000243,-0.000512,-0.007873,-0.000015,-0.003740,0.005002,-0.001822,0.000972,0.725692,0.163477,9.678968,0.000000,0.000000,0,0,,38.991390,-76.936686,-9.274000,,,
2026-09-11T17:38:03.156,5.848285,-0.000000,-0.000000,-0.000000,0.000000,2.097702,-0.721686,-0.000000,-0.000921,-0.001940,-0.007914,-0.000015,-0.003759,-0.000789,-0.000381,-0.000456,0.715493,0.170342,9.685832,0.000000,0.000000,0,0,,38.991390,-76.936686,-9.274000,,,
2026-09-11T17:38:03.189,5.881701,-0.000000,-0.000000,-0.000000,0.000000,2.097702,-0.721686,-0.000000,-0.001723,-0.003627,-0.008007,-0.000015,-0.003803,0.002786,0.001270,-0.002143,0.721279,0.174755,9.673770,0.000000,0.000000,0,0,,38.991390,-76.936686,-9.274000,,,
2026-09-11T17:38:03.223,5.915124,-0.000000,-0.000000,-0.000000,0.000000,2.097702,-0.721686,-0.000000,0.000003,0.000006,-0.008068,-0.000015,-0.003832,-0.003917,-0.000569,0.001490,0.735303,0.171616,9.678183,0.000000,0.000000,0,0,,38.991390,-76.936686,-9.274000,,,
2026-09-11T17:38:03.256,5.948646,-0.000000,-0.000000,-0.000000,0.000000,2.097702,-0.721686,-0.000000,-0.001622,-0.003416,-0.008125,-0.000016,-0.003859,-0.002840,0.002706,-0.001932,0.747169,0.178285,9.679556,0.000000,0.000000,0,0,,38.991390,-76.936686,-9.274000,,,
2026-09-11T17:38:03.290,5.982067,-0.000000,-0.000000,-0.000000,0.000000,2.097702,-0.721686,-0.000000,0.000623,0.001311,-0.008160,-0.000016,-0.003876,-0.002934,0.001824,0.002795,0.760310,0.172989,9.679458,0.000000,0.000000,0,0,,38.991390,-76.936686,-9.274000,,,
2026-09-11T17:38:03.324,6.015486,-0.000000,-0.000000,-0.000000,0.000000,2.097702,-0.721686,-0.000000,-0.000701,-0.001475,-0.008163,-0.000016,-0.003877,-0.010569,0.001058,0.000008,0.769822,0.154847,9.684655,0.000000,0.000000,0,0,,38.991390,-76.936686,-9.274000,,,
2026-09-11T17:38:03.357,6.048903,-0.000000,-0.000000,-0.000000,0.000000,2.097702,-0.721686,-0.000000,-0.000445,-0.000937,-0.008203,-0.000016,-0.003897,-0.006669,0.001446,0.000547,0.756485,0.156514,9.675731,0.000000,0.000000,0,0,,38.991390,-76.936686,-9.274000,,,
2026-09-11T17:38:03.391,6.082322,-0.000000,-0.000000,-0.000000,0.000000,2.097702,-0.721686,-0.000000,-0.000958,-0.002017,-0.008253,-0.000016,-0.003920,-0.004811,-0.000838,-0.000534,0.735205,0.159652,9.681125,0.000000,0.000000,0,0,,38.991390,-76.936686,-9.274000,,,
2026-09-11T17:38:03.424,6.115739,-0.000000,-0.000000,-0.000000,0.000000,2.097702,-0.721686,-0.000000,0.001076,0.002266,-0.008248,-0.000016,-0.003918,-0.005430,0.002311,0.003749,0.718239,0.154553,9.687303,0.000000,0.000000,0,0,,38.991390,-76.936686,-9.274000,,,
2026-09-11T17:38:03.457,6.149159,-0.000000,-0.000000,-0.000000,0.000000,2.097702,-0.721686,-0.000000,-0.001723,-0.003628,-0.008271,-0.000016,-0.003929,-0.001901,0.001331,-0.002145,0.742461,0.139352,9.678870,0.000000,0.000000,0,0,,38.991390,-76.936686,-9.274000,,,
2026-09-11T17:38:03.490,6.182576,-0.000000,-0.000000,-0.000000,0.000000,2.097702,-0.721686,-0.000000,0.000903,0.001902,-0.008300,-0.000016,-0.003942,0.001593,-0.000097,0.003386,0.754229,0.143765,9.677202,0.000000,0.000000,0,0,,38.991390,-76.936686,-9.274000,,,
2026-09-11T17:38:03.524,6.215997,-0.000000,-0.000000,-0.000000,0.000000,2.097702,-0.721686,-0.000000,-0.000917,-0.001931,-0.008301,-0.000016,-0.003943,-0.001451,-0.000192,-0.000447,0.736577,0.148473,9.678183,0.000000,0.000000,0,0,,38.991390,-76.936686,-9.274000,,,
2026-09-11T17:38:03.557,6.249415,-0.000000,-0.000000,-0.000000,0.000000,2.097702,-0.721686,-0.000000,-0.000680,-0.001432,-0.008357,-0.000017,-0.003969,0.005536,0.001236,0.000051,0.725496,0.141020,9.678281,0.000000,0.000000,0,0,,38.991390,-76.936686,-9.274000,,,
2026-09-11T17:38:03.591,6.282832,-0.000000,-0.000000,-0.000000,0.000000,2.097702,-0.721686,-0.000000,0.000472,0.000993,-0.008364,-0.000017,-0.003973,0.005608,-0.000561,0.002476,0.737362,0.154455,9.672103,0.000000,0.000000,0,0,,38.991390,-76.936686,-9.274000,,,
2026-09-11T17:38:03.624,6.316250,-0.000000,-0.000000,-0.000000,0.000000,2.097702,-0.721686,-0.000000,-0.000490,-0.001031,-0.008365,-0.000017,-0.003973,0.000200,0.001021,0.000452,0.752072,0.151317,9.675045,0.000000,0.000000,0,0,,38.991390,-76.936686,-9.274000,,,
2026-09-11T17:38:03.657,6.349666,-0.000000,-0.000000,-0.000000,0.000000,2.097702,-0.721686,-0.000000,-0.001252,-0.002635,-0.008426,-0.000017,-0.004002,0.002216,0.000926,-0.001151,0.750013,0.165536,9.689265,0.000000,0.000000,0,0,,38.991390,-76.936686,-9.274000,,,
2026-09-11T17:38:03.691,6.383083,-0.000000,-0.000000,-0.000000,0.000000,2.097702,-0.721686,-0.000000,-0.001006,-0.002118,-0.008505,-0.000017,-0.004040,-0.002238,-0.000865,-0.000635,0.738147,0.159652,9.678183,0.000000,0.000000,0,0,,38.991390,-76.936686,-9.274000,,,
2026-09-11T17:38:03.725,6.416507,-0.000000,-0.000000,-0.000000,0.000000,2.097702,-0.721686,-0.000000,-0.000209,-0.000439,-0.008548,-0.000017,-0.004060,-0.004798,0.000479,0.001045,0.741873,0.162594,9.675829,0.000000,0.000000,0,0,,38.991390,-76.936686,-9.274000,,,
2026-09-11T17:38:03.757,6.449931,-0.000000,-0.000000,-0.000000,0.000000,2.097702,-0.721686,-0.000000,-0.000610,-0.001285,-0.008577,-0.000017,-0.004074,-0.000527,0.000746,0.000199,0.745502,0.155828,9.676614,0.000000,0.000000,0,0,,38.991390,-76.936686,-9.274000,,,
2026-09-11T17:38:03.791,6.483344,-0.000000,-0.000000,-0.000000,0.000000,2.097702,-0.721686,-0.000000,0.000653,0.001376,-0.008575,-0.000017,-0.004073,-0.008229,-0.001898,0.002859,0.747757,0.156612,9.680341,0.000000,0.000000,0,0,,38.991390,-76.936686,-9.274000,,,
2026-09-11T17:38:03.825,6.516764,-0.000000,-0.000000,-0.000000,0.000000,2.097702,-0.721686,-0.000000,-0.001558,-0.003280,-0.008607,-0.000018,-0.004088,-0.003531,0.000312,-0.001796,0.743344,0.154357,9.684067,0.000000,0.000000,0,0,,38.991390,-76.936686,-9.274000,,,
2026-09-11T17:38:03.858,6.550180,-0.000000,-0.000000,-0.000000,0.000000,2.097702,-0.721686,-0.000000,0.000018,0.000038,-0.008661,-0.000018,-0.004114,-0.001411,-0.000332,0.001522,0.741971,0.173087,9.678085,0.000000,0.000000,0,0,,38.991390,-76.936686,-9.274000,,,
2026-09-11T17:38:03.891,6.583603,-0.000000,-0.000000,-0.000000,0.000000,2.097702,-0.721686,-0.000000,-0.000427,-0.000898,-0.008676,-0.000018,-0.004121,-0.000355,-0.001636,0.000586,0.743932,0.143864,9.678870,0.000000,0.000000,0,0,,38.991390,-76.936686,-9.274000,,,
2026-09-11T17:38:03.925,6.617025,-0.000000,-0.000000,-0.000000,0.000000,2.097702,-0.721686,-0.000000,-0.001320,-0.002779,-0.008737,-0.000018,-0.004150,0.003260,0.001604,-0.001295,0.725594,0.146217,9.681223,0.000000,0.000000,0,0,,38.991390,-76.936686,-9.274000,,,
2026-09-11T17:38:03.958,6.650441,-0.000000,-0.000000,-0.000000,0.000000,2.097702,-0.721686,-0.000000,-0.000473,-0.000996,-0.008800,-0.000018,-0.004180,0.002199,-0.000273,0.000488,0.727065,0.146217,9.682008,0.000000,0.000000,0,0,,38.991390,-76.936686,-9.274000,,,
2026-09-11T17:38:03.992,6.683859,-0.000000,-0.000000,-0.000000,0.000000,2.097702,-0.721686,-0.000000,-0.000924,-0.001944,-0.008849,-0.000019,-0.004203,-0.000702,-0.001902,-0.000461,0.746188,0.155141,9.676614,0.000000,0.000000,0,0,,38.991390,-76.936686,-9.274000,,,
2026-09-11T17:38:04.028,6.717279,-0.000000,-0.000000,-0.000000,0.000000,2.097702,-0.721686,-0.000000,0.000135,0.000284,-0.008877,-0.000019,-0.004217,0.004850,0.000754,0.001767,0.757171,0.149061,9.666709,0.000000,0.000000,0,0,,38.991390,-76.936686,-9.274000,,,
2026-09-11T17:38:04.058,6.750700,-0.000000,-0.000000,-0.000000,0.000000,2.097702,-0.721686,-0.000000,-0.000134,-0.000283,-0.008877,-0.000019,-0.004217,0.002874,-0.000399,0.001201,0.739618,0.151415,9.684165,0.000000,0.000000,0,0,,38.991390,-76.936686,-9.274000,,,
2026-09-11T17:38:04.092,6.784116,-0.000000,-0.000000,-0.000000,0.000000,2.097702,-0.721686,-0.000000,-0.000528,-0.001112,-0.008900,-0.000019,-0.004228,0.001319,0.001104,0.000371,0.733734,0.163379,9.679654,0.000000,0.000000,0,1,6.774873,38.991390,-76.936686,-9.277000,0.050703,-0.058933,4.224762
2026-09-11T17:38:04.126,6.817532,-0.000000,-0.000000,-0.000000,0.000000,2.097702,-0.721686,-0.000000,-0.000803,-0.001691,-0.008947,-0.000019,-0.004250,0.000087,-0.001295,-0.000208,0.737362,0.152886,9.684852,0.000000,0.000000,0,0,,38.991390,-76.936686,-9.277000,,,
2026-09-11T17:38:04.159,6.850954,-0.000000,-0.000000,-0.000000,0.000000,2.097702,-0.721686,-0.000000,-0.000138,-0.000290,-0.008980,-0.000019,-0.004266,-0.001477,-0.000796,0.001194,0.741775,0.155141,9.676614,0.000000,0.000000,0,0,,38.991390,-76.936686,-9.277000,,,
2026-09-11T17:38:04.192,6.884372,-0.000000,-0.000000,-0.000000,0.000000,2.097702,-0.721686,-0.000000,-0.001496,-0.003149,-0.009038,-0.000019,-0.004293,0.001534,0.001844,-0.001665,0.750601,0.146806,9.675045,0.000000,0.000000,0,0,,38.991390,-76.936686,-9.277000,,,
2026-09-11T17:38:04.225,6.917796,-0.000000,-0.000000,-0.000000,0.000000,2.097702,-0.721686,-0.000000,-0.000094,-0.000198,-0.009094,-0.000020,-0.004319,0.001429,-0.000818,0.001285,0.747071,0.161025,9.683283,0.000000,0.000000,0,0,,38.991390,-76.936686,-9.277000,,,
2026-09-11T17:38:04.259,6.951214,-0.000000,-0.000000,-0.000000,0.000000,2.097702,-0.721686,-0.000000,-0.000426,-0.000897,-0.009112,-0.000020,-0.004328,-0.000237,-0.000642,0.000586,0.736676,0.155141,9.678183,0.000000,0.000000,0,0,,38.991390,-76.936686,-9.277000,,,
2026-09-11T17:38:04.293,6.984632,-0.000000,-0.000000,-0.000000,0.000000,2.097702,-0.721686,-0.000000,-0.000465,-0.000980,-0.009143,-0.000020,-0.004343,0.001195,0.000704,0.000504,0.749228,0.160339,9.681027,0.000000,0.000000,0,0,,38.991390,-76.936686,-9.277000,,,
2026-09-11T17:38:04.326,7.018057,-0.000000,-0.000000,-0.000000,0.000000,2.097702,-0.721686,-0.000000,-0.000296,-0.000623,-0.009170,-0.000020,-0.004356,-0.001214,-0.001187,0.000861,0.743246,0.146904,9.681125,0.000000,0.000000,0,0,,38.991390,-76.936686,-9.277000,,,
2026-09-11T17:38:04.359,7.051476,-0.000000,-0.000000,-0.000000,0.000000,2.097702,-0.721686,-0.000000,-0.000477,-0.001004,-0.009197,-0.000020,-0.004369,-0.002147,-0.001067,0.000480,0.741089,0.157397,9.684067,0.000000,0.000000,0,0,,38.991390,-76.936686,-9.277000,,,
2026-09-11T17:38:04.392,7.084892,-0.000000,-0.000000,-0.000000,0.000000,2.097702,-0.721686,-0.000000,-0.000760,-0.001599,-0.009241,-0.000020,-0.004389,0.003235,0.000341,-0.000116,0.746874,0.144550,9.681027,0.000000,0.000000,0,0,,38.991390,-76.936686,-9.277000,,,
2026-09-11T17:38:04.426,7.118311,-0.000000,-0.000000,-0.000000,0.000000,2.097702,-0.721686,-0.000000,-0.001067,-0.002246,-0.009305,-0.000021,-0.004420,0.002135,-0.002255,-0.000763,0.749130,0.154357,9.678085,0.000000,0.000000,0,0,,38.991390,-76.936686,-9.277000,,,
2026-09-11T17:38:04.459,7.151734,-0.000000,-0.000000,-0.000000,0.000000,2.097702,-0.721686,-0.000000,0.000269,0.000567,-0.009333,-0.000021,-0.004433,0.003096,-0.000929,0.002050,0.740990,0.142393,9.677399,0.000000,0.000000,0,0,,38.991390,-76.936686,-9.277000,,,
2026-09-11T17:38:04.493,7.185155,-0.000000,-0.000000,-0.000000,0.000000,2.097702,-0.721686,-0.000000,-0.001047,-0.002203,-0.009361,-0.000021,-0.004446,0.008908,-0.000233,-0.000720,0.745502,0.158083,9.682596,0.000000,0.000000,0,0,,38.991390,-76.936686,-9.277000,,,
2026-09-11T17:38:04.526,7.218573,-0.000000,-0.000000,-0.000000,0.000000,2.097702,-0.721686,-0.000000,-0.000283,-0.000597,-0.009407,-0.000021,-0.004468,0.001751,-0.000745,0.000887,0.745502,0.158083,9.675829,0.000000,0.000000,0,0,,38.991390,-76.936686,-9.277000,,,
2026-09-11T17:38:04.559,7.251991,-0.000000,-0.000000,-0.000000,0.000000,2.097702,-0.721686,-0.000000,-0.000870,-0.001832,-0.009448,-0.000021,-0.004488,0.000804,-0.000887,-0.000348,0.745698,0.174558,9.689363,0.000000,0.000000,0,0,,38.991390,-76.936686,-9.277000,,,
2026-09-11T17:38:04.593,7.285405,-0.000000,-0.000000,-0.000000,0.000000,2.097702,-0.721686,-0.000000,-0.000311,-0.000654,-0.009489,-0.000021,-0.004507,0.001154,-0.000622,0.000830,0.739716,0.169361,9.676614,0.000000,0.000000,0,0,,38.991390,-76.936686,-9.277000,,,
2026-09-11T17:38:04.626,7.318824,-0.000000,-0.000000,-0.000000,0.000000,2.097702,-0.721686,-0.000000,0.000548,0.001154,-0.009481,-0.000021,-0.004503,-0.006145,-0.000078,0.002638,0.741775,0.157397,9.675829,0.000000,0.000000,0,0,,38.991390,-76.936686,-9.277000,,,
2026-09-11T17:38:04.660,7.352244,-0.000000,-0.000000,-0.000000,0.000000,2.097702,-0.721686,-0.000000,-0.000850,-0.001790,-0.009492,-0.000021,-0.004509,-0.006929,-0.000077,-0.000306,0.742560,0.163379,9.671318,0.000000,0.000000,0,0,,38.991390,-76.936686,-9.277000,,,
2026-09-11T17:38:04.694,7.385661,-0.000000,-0.000000,-0.000000,0.000000,2.097702,-0.721686,-0.000000,-0.000562,-0.001183,-0.009541,-0.000022,-0.004532,-0.003410,-0.000755,0.000301,0.749130,0.155828,9.677300,0.000000,0.000000,0,0,,38.991390,-76.936686,-9.277000,,,
2026-09-11T17:38:04.727,7.419078,-0.000000,-0.000000,-0.000000,0.000000,2.097702,-0.721686,-0.000000,-0.000013,-0.000026,-0.009562,-0.000022,-0.004542,-0.006296,-0.000406,0.001457,0.744031,0.152886,9.679556,0.000000,0.000000,0,0,,38.991390,-76.936686,-9.277000,,,
2026-09-11T17:38:04.760,7.452503,-0.000000,-0.000000,-0.000000,0.000000,2.097702,-0.721686,-0.000000,-0.000539,-0.001136,-0.009581,-0.000022,-0.004551,-0.006540,0.001382,0.000348,0.748444,0.158083,9.676516,0.000000,0.000000,0,0,,38.991390,-76.936686,-9.277000,,,
2026-09-11T17:38:04.794,7.485915,-0.000000,-0.000000,-0.000000,0.000000,2.097702,-0.721686,-0.000000,-0.000405,-0.000853,-0.009614,-0.000022,-0.004567,-0.003653,-0.001753,0.000630,0.751287,0.146806,9.678771,0.000000,0.000000,0,0,,38.991390,-76.936686,-9.277000,,,
2026-09-11T17:38:04.827,7.519338,-0.000000,-0.000000,-0.000000,0.000000,2.097702,-0.721686,-0.000000,-0.000658,-0.001384,-0.009652,-0.000022,-0.004584,-0.003022,-0.000417,0.000099,0.744717,0.146119,9.681812,0.000000,0.000000,0,0,,38.991390,-76.936686,-9.277000,,,
2026-09-11T17:38:04.860,7.552758,-0.000000,-0.000000,-0.000000,0.000000,2.097702,-0.721686,-0.000000,-0.000733,-0.001543,-0.009701,-0.000022,-0.004608,-0.000617,0.002136,-0.000060,0.735793,0.146904,9.672201,0.000000,0.000000,0,0,,38.991390,-76.936686,-9.277000,,,
2026-09-11T17:38:04.894,7.586175,-0.000000,-0.000000,-0.000000,0.000000,2.097702,-0.721686,-0.000000,0.000110,0.000232,-0.009722,-0.000022,-0.004618,-0.001387,-0.001789,0.001715,0.736577,0.153670,9.669945,0.000000,0.000000,0,0,,38.991390,-76.936686,-9.277000,,,
2026-09-11T17:38:04.927,7.619595,-0.000000,-0.000000,-0.000000,0.000000,2.097702,-0.721686,-0.000000,-0.000667,-0.001403,-0.009742,-0.000023,-0.004627,-0.001271,0.001861,0.000080,0.738833,0.152886,9.677399,0.000000,0.000000,0,0,,38.991390,-76.936686,-9.277000,,,
2026-09-11T17:38:04.961,7.653015,-0.000000,-0.000000,-0.000000,0.000000,2.097702,-0.721686,-0.000000,-0.001644,-0.003461,-0.009823,-0.000023,-0.004666,0.000217,0.001098,-0.001977,0.743246,0.152101,9.678870,0.000000,0.000000,0,0,,38.991390,-76.936686,-9.277000,,,
2026-09-11T17:38:04.995,7.686428,-0.000000,-0.000000,-0.000000,0.000000,2.097702,-0.721686,-0.000000,-0.000127,-0.000267,-0.009886,-0.000023,-0.004696,-0.003254,-0.001153,0.001217,0.743932,0.149159,9.677300,0.000000,0.000000,0,0,,38.991390,-76.936686,-9.277000,,,
2026-09-11T17:38:05.028,7.719852,-0.000000,-0.000000,-0.000000,0.000000,2.097702,-0.721686,-0.000000,-0.000918,-0.001933,-0.009922,-0.000023,-0.004713,-0.000894,0.002464,-0.000449,0.741089,0.160339,9.684067,0.000000,0.000000,0,0,,38.991390,-76.936686,-9.277000,,,
2026-09-11T17:38:05.061,7.753274,-0.000000,-0.000000,-0.000000,0.000000,2.097702,-0.721686,-0.000000,-0.001518,-0.003196,-0.010008,-0.000024,-0.004754,0.000210,0.002023,-0.001713,0.745502,0.157299,9.681027,0.000000,0.000000,0,0,,38.991390,-76.936686,-9.277000,,,
2026-09-11T17:38:05.095,7.786722,-0.000000,-0.000000,-0.000000,0.000000,2.097702,-0.721686,-0.000000,-0.000497,-0.001047,-0.010079,-0.000024,-0.004787,-0.003737,-0.000760,0.000437,0.746973,0.150630,9.681812,0.000000,0.000000,0,1,7.771376,38.991390,-76.936686,-9.268000,0.055312,-0.059304,4.224341
2026-09-11T17:38:05.128,7.820171,-0.000000,-0.000000,-0.000000,0.000000,2.097702,-0.721686,-0.000000,-0.001304,-0.002746,-0.010142,-0.000024,-0.004818,0.000758,0.001235,-0.001262,0.744815,0.157299,9.691618,0.000000,0.000000,0,0,,38.991390,-76.936686,-9.268000,,,
2026-09-11T17:38:05.161,7.853615,-0.000000,-0.000000,-0.000000,0.000000,2.097702,-0.721686,-0.000000,-0.001135,-0.002390,-0.010228,-0.000025,-0.004858,0.003659,0.001940,-0.000906,0.742560,0.155828,9.687107,0.000000,0.000000,0,0,,38.991390,-76.936686,-9.268000,,,
2026-09-11T17:38:05.195,7.887034,-0.000000,-0.000000,-0.000000,0.000000,2.097702,-0.721686,-0.000000,-0.000446,-0.000939,-0.010284,-0.000025,-0.004885,-0.001956,-0.000469,0.000544,0.746973,0.155043,9.680341,0.000000,0.000000,0,0,,38.991390,-76.936686,-9.268000,,,
2026-09-11T17:38:05.228,7.920454,-0.000000,-0.000000,-0.000000,0.000000,2.097702,-0.721686,-0.000000,-0.001100,-0.002316,-0.010338,-0.000025,-0.004911,0.003130,0.002130,-0.000833,0.745502,0.157299,9.678870,0.000000,0.000000,0,0,,38.991390,-76.936686,-9.268000,,,
2026-09-11T17:38:05.262,7.953877,-0.000000,-0.000000,-0.000000,0.000000,2.097702,-0.721686,-0.000000,-0.000291,-0.000612,-0.010387,-0.000026,-0.004934,-0.001884,-0.000469,0.000871,0.748345,0.148375,9.676516,0.000000,0.000000,0,0,,38.991390,-76.936686,-9.268000,,,
2026-09-11T17:38:05.295,7.987302,-0.000000,-0.000000,-0.000000,0.000000,2.097702,-0.721686,-0.000000,-0.000608,-0.001280,-0.010419,-0.000026,-0.004949,-0.000918,0.000343,0.000204,0.744129,0.158083,9.687794,0.000000,0.000000,0,0,,38.991390,-76.936686,-9.268000,,,
2026-09-11T17:38:05.328,8.020721,-0.000000,-0.000000,-0.000000,0.000000,2.097702,-0.721686,-0.000000,-0.001445,-0.003043,-0.010491,-0.000026,-0.004983,0.003447,0.002072,-0.001560,0.744031,0.153572,9.675829,0.000000,0.000000,0,0,,38.991390,-76.936686,-9.268000,,,
2026-09-11T17:38:05.362,8.054147,-0.000000,-0.000000,-0.000000,0.000000,2.097702,-0.721686,-0.000000,-0.000577,-0.001216,-0.010562,-0.000026,-0.005017,-0.000909,-0.000187,0.000268,0.742560,0.158083,9.677399,0.000000,0.000000,0,0,,38.991390,-76.936686,-9.268000,,,
2026-09-11T17:38:05.395,8.087569,-0.000000,-0.000000,-0.000000,0.000000,2.097702,-0.721686,-0.000000,-0.001170,-0.002462,-0.010624,-0.000027,-0.005046,-0.000634,0.002007,-0.000979,0.742560,0.155141,9.678085,0.000000,0.000000,0,0,,38.991390,-76.936686,-9.268000,,,
2026-09-11T17:38:05.428,8.120988,-0.000000,-0.000000,-0.000000,0.000000,2.097702,-0.721686,-0.000000,-0.000354,-0.000745,-0.010677,-0.000027,-0.005072,0.003182,0.000601,0.000739,0.750013,0.159554,9.684067,0.000000,0.000000,0,0,,38.991390,-76.936686,-9.268000,,,
2026-09-11T17:38:05.462,8.154418,-0.000000,-0.000000,-0.000000,0.000000,2.097702,-0.721686,-0.000000,-0.000532,-0.001120,-0.010709,-0.000027,-0.005086,-0.002722,0.002168,0.000363,0.739618,0.159652,9.678085,0.000000,0.000000,0,0,,38.991390,-76.936686,-9.268000,,,
2026-09-11T17:38:05.496,8.187839,-0.000000,-0.000000,-0.000000,0.000000,2.097702,-0.721686,-0.000000,-0.000456,-0.000959,-0.010743,-0.000027,-0.005103,-0.000262,0.001146,0.000524,0.740990,0.146904,9.678085,0.000000,0.000000,0,0,,38.991390,-76.936686,-9.268000,,,
2026-09-11T17:38:05.529,8.221258,-0.000000,-0.000000,-0.000000,0.000000,2.097702,-0.721686,-0.000000,-0.000389,-0.000819,-0.010773,-0.000028,-0.005117,0.003776,0.000478,0.000665,0.740402,0.167890,9.682596,0.000000,0.000000,0,0,,38.991390,-76.936686,-9.268000,,,
2026-09-11T17:38:05.562,8.254678,-0.000000,-0.000000,-0.000000,0.000000,2.097702,-0.721686,-0.000000,-0.000634,-0.001335,-0.010809,-0.000028,-0.005134,-0.001590,0.001127,0.000149,0.741775,0.156612,9.680341,0.000000,0.000000,0,0,,38.991390,-76.936686,-9.268000,,,
2026-09-11T17:38:05.596,8.288098,-0.000000,-0.000000,-0.000000,0.000000,2.097702,-0.721686,-0.000000,-0.002083,-0.004385,-0.010905,-0.000028,-0.005180,0.000715,0.002036,-0.002901,0.743932,0.152886,9.668376,0.000000,0.000000,0,0,,38.991390,-76.936686,-9.268000,,,
2026-09-11T17:38:05.629,8.321514,-0.000000,-0.000000,-0.000000,0.000000,2.097702,-0.721686,-0.000000,-0.000320,-0.000673,-0.010989,-0.000029,-0.005220,0.002782,0.000992,0.000811,0.749228,0.156514,9.681812,0.000000,0.000000,0,0,,38.991390,-76.936686,-9.268000,,,
2026-09-11T17:38:05.662,8.354929,-0.000000,-0.000000,-0.000000,0.000000,2.097702,-0.721686,-0.000000,-0.001191,-0.002508,-0.011042,-0.000029,-0.005245,-0.002211,0.001454,-0.001024,0.742560,0.160339,9.684067,0.000000,0.000000,0,0,,38.991390,-76.936686,-9.268000,,,
2026-09-11T17:38:05.696,8.388348,-0.000000,-0.000000,-0.000000,0.000000,2.097702,-0.721686,-0.000000,-0.000183,-0.000385,-0.011091,-0.000029,-0.005268,0.001123,0.002025,0.001098,0.746286,0.164850,9.684852,0.000000,0.000000,0,0,,38.991390,-76.936686,-9.268000,,,
2026-09-11T17:38:05.729,8.421769,-0.000000,-0.000000,-0.000000,0.000000,2.097702,-0.721686,-0.000000,-0.000013,-0.000026,-0.011097,-0.000029,-0.005271,-0.001539,-0.000731,0.001457,0.752758,0.154357,9.666807,0.000000,0.000000,0,0,,38.991390,-76.936686,-9.268000,,,
2026-09-11T17:38:05.763,8.455185,-0.000000,-0.000000,-0.000000,0.000000,2.097702,-0.721686,-0.000000,-0.000491,-0.001034,-0.011115,-0.000029,-0.005280,0.000580,0.002218,0.000450,0.756681,0.171420,9.688480,0.000000,0.000000,0,0,,38.991390,-76.936686,-9.268000,,,
2026-09-11T17:38:05.796,8.488604,-0.000000,-0.000000,-0.000000,0.000000,2.097702,-0.721686,-0.000000,-0.001623,-0.003417,-0.011189,-0.000030,-0.005315,0.001802,0.001121,-0.001933,0.767665,0.162398,9.678673,0.000000,0.000000,0,0,,38.991390,-76.936686,-9.268000,,,
2026-09-11T17:38:05.830,8.522023,-0.000000,-0.000000,-0.000000,0.000000,2.097702,-0.721686,-0.000000,-0.000021,-0.000045,-0.011247,-0.000030,-0.005342,-0.000218,-0.000778,0.001439,0.773450,0.155632,9.680831,0.000000,0.000000,0,0,,38.991390,-76.936686,-9.268000,,,
2026-09-11T17:38:05.863,8.555438,-0.000000,-0.000000,-0.000000,0.000000,2.097702,-0.721686,-0.000000,-0.000603,-0.001270,-0.011269,-0.000030,-0.005353,0.003294,0.001267,0.000214,0.775608,0.145138,9.674849,0.000000,0.000000,0,0,,38.991390,-76.936686,-9.268000,,,
2026-09-11T17:38:05.896,8.588881,-0.000000,-0.000000,-0.000000,0.000000,2.097702,-0.721686,-0.000000,-0.000463,-0.000974,-0.011307,-0.000030,-0.005371,0.000796,0.000963,0.000510,0.771881,0.144452,9.673378,0.000000,0.000000,0,0,,38.991390,-76.936686,-9.268000,,,
2026-09-11T17:38:05.930,8.622300,-0.000000,-0.000000,-0.000000,0.000000,2.097702,-0.721686,-0.000000,-0.000289,-0.000609,-0.011333,-0.000031,-0.005383,-0.002146,-0.000606,0.000875,0.766194,0.157887,9.689853,0.000000,0.000000,0,0,,38.991390,-76.936686,-9.268000,,,
2026-09-11T17:38:05.964,8.655716,-0.000000,-0.000000,-0.000000,0.000000,2.097702,-0.721686,-0.000000,-0.001668,-0.003512,-0.011402,-0.000031,-0.005416,-0.000782,0.001678,-0.002028,0.734420,0.142393,9.690147,0.000000,0.000000,0,0,,38.991390,-76.936686,-9.268000,,,
2026-09-11T17:38:05.997,8.689352,-0.000000,-0.000000,-0.000000,0.000000,2.097702,-0.721686,-0.000000,-0.000134,-0.000282,-0.011466,-0.000031,-0.005446,0.007749,0.000337,0.001201,0.714611,0.167301,9.674555,0.000000,0.000000,0,0,,38.991390,-76.936686,-9.268000,,,
2026-09-11T17:38:06.030,8.722768,-0.000000,-0.000000,-0.000000,0.000000,2.097702,-0.721686,-0.000000,0.000236,0.000496,-0.011462,-0.000031,-0.005444,0.003427,-0.001056,0.001980,0.692644,0.169655,9.695737,0.000000,0.000000,0,0,,38.991390,-76.936686,-9.268000,,,
2026-09-11T17:38:06.064,8.756184,-0.000000,-0.000000,-0.000000,0.000000,2.097702,-0.721686,-0.000000,-0.000729,-0.001534,-0.011480,-0.000031,-0.005453,0.008119,0.000481,-0.000051,0.693330,0.165242,9.687499,0.000000,0.000000,0,0,,38.991390,-76.936686,-9.268000,,,
2026-09-11T17:38:06.097,8.789604,-0.000000,-0.000000,-0.000000,0.000000,2.097702,-0.721686,-0.000000,-0.001466,-0.003086,-0.011557,-0.000032,-0.005489,0.006309,0.000261,-0.001603,0.695586,0.176422,9.685244,0.000000,0.000000,0,1,8.779788,38.991390,-76.936686,-9.258000,0.047966,-0.065605,4.223921
2026-09-11T17:38:06.131,8.823025,-0.000000,-0.000000,-0.000000,0.000000,2.097702,-0.721686,-0.000000,0.000668,0.001407,-0.011585,-0.000032,-0.005503,-0.000839,-0.001588,0.002890,0.702058,0.159946,9.670926,0.000000,0.000000,0,0,,38.991390,-76.936686,-9.258000,,,
2026-09-11T17:38:06.164,8.856442,-0.000000,-0.000000,-0.000000,0.000000,2.097702,-0.721686,-0.000000,0.000035,0.000073,-0.011560,-0.000032,-0.005491,0.000894,0.000099,0.001557,0.715984,0.156808,9.676124,0.000000,0.000000,0,0,,38.991390,-76.936686,-9.258000,,,
2026-09-11T17:38:06.197,8.889864,-0.000000,-0.000000,-0.000000,0.000000,2.097702,-0.721686,-0.000000,0.000890,0.001873,-0.011528,-0.000032,-0.005476,-0.001176,-0.000403,0.003357,0.738931,0.164163,9.676614,0.000000,0.000000,0,0,,38.991390,-76.936686,-9.258000,,,
2026-09-11T17:38:06.230,8.923284,-0.000000,-0.000000,-0.000000,0.000000,2.097702,-0.721686,-0.000000,-0.000366,-0.000771,-0.011509,-0.000031,-0.005467,-0.004841,-0.001705,0.000712,0.761192,0.175931,9.687695,0.000000,0.000000,0,0,,38.991390,-76.936686,-9.258000,,,
2026-09-11T17:38:06.265,8.956700,-0.000000,-0.000000,-0.000000,0.000000,2.097702,-0.721686,-0.000000,-0.001082,-0.002279,-0.011560,-0.000032,-0.005491,-0.004944,-0.001104,-0.000795,0.767567,0.153474,9.678673,0.000000,0.000000,0,0,,38.991390,-76.936686,-9.258000,,,
2026-09-11T17:38:06.298,8.990121,-0.000000,-0.000000,-0.000000,0.000000,2.097702,-0.721686,-0.000000,-0.000270,-0.000569,-0.011608,-0.000032,-0.005514,-0.005291,-0.002242,0.000914,0.750503,0.145335,9.675045,0.000000,0.000000,0,0,,38.991390,-76.936686,-9.258000,,,
2026-09-11T17:38:06.332,9.023545,-0.000000,-0.000000,-0.000000,0.000000,2.097702,-0.721686,-0.000000,-0.000092,-0.000194,-0.011621,-0.000032,-0.005520,0.001527,0.001699,0.001289,0.730694,0.153768,9.673672,0.000000,0.000000,0,0,,38.991390,-76.936686,-9.258000,,,
2026-09-11T17:38:06.365,9.056969,-0.000000,-0.000000,-0.000000,0.000000,2.097702,-0.721686,-0.000000,0.000373,0.000785,-0.011611,-0.000032,-0.005515,-0.003303,-0.000894,0.002269,0.721181,0.152297,9.678281,0.000000,0.000000,0,0,,38.991390,-76.936686,-9.258000,,,
2026-09-11T17:38:06.398,9.090386,-0.000000,-0.000000,-0.000000,0.000000,2.097702,-0.721686,-0.000000,0.000127,0.000268,-0.011593,-0.000032,-0.005507,-0.003843,-0.000768,0.001751,0.716866,0.162006,9.683577,0.000000,0.000000,0,0,,38.991390,-76.936686,-9.258000,,,
2026-09-11T17:38:06.431,9.123801,-0.000000,-0.000000,-0.000000,0.000000,2.097702,-0.721686,-0.000000,-0.000414,-0.000872,-0.011603,-0.000032,-0.005511,-0.006901,-0.000809,0.000611,0.714611,0.150826,9.688088,0.000000,0.000000,0,0,,38.991390,-76.936686,-9.258000,,,
2026-09-11T17:38:06.465,9.157225,-0.000000,-0.000000,-0.000000,0.000000,2.097702,-0.721686,-0.000000,-0.001409,-0.002967,-0.011667,-0.000032,-0.005542,-0.007402,-0.000940,-0.001484,0.735891,0.150630,9.681910,0.000000,0.000000,0,0,,38.991390,-76.936686,-9.258000,,,
2026-09-11T17:38:06.498,9.190648,-0.000000,-0.000000,-0.000000,0.000000,2.097702,-0.721686,-0.000000,0.001009,0.002125,-0.011681,-0.000032,-0.005549,-0.010376,-0.003125,0.003608,0.747659,0.158083,9.674358,0.000000,0.000000,0,0,,38.991390,-76.936686,-9.258000,,,
2026-09-11T17:38:06.531,9.224072,-0.000000,-0.000000,-0.000000,0.000000,2.097702,-0.721686,-0.000000,-0.000363,-0.000763,-0.011659,-0.000032,-0.005538,-0.009887,0.000469,0.000720,0.761683,0.152690,9.673476,0.000000,0.000000,0,0,,38.991390,-76.936686,-9.258000,,,
2026-09-11T17:38:06.565,9.257491,-0.000000,-0.000000,-0.000000,0.000000,2.097702,-0.721686,-0.000000,-0.001312,-0.002762,-0.011718,-0.000033,-0.005566,-0.007872,-0.000087,-0.001278,0.765899,0.133272,9.671907,0.000000,0.000000,0,0,,38.991390,-76.936686,-9.258000,,,
2026-09-11T17:38:06.599,9.290923,-0.000000,-0.000000,-0.000000,0.000000,2.097702,-0.721686,-0.000000,0.000299,0.000630,-0.011753,-0.000033,-0.005583,-0.006467,-0.001471,0.002114,0.753445,0.133272,9.685538,0.000000,0.000000,0,0,,38.991390,-76.936686,-9.258000,,,
2026-09-11T17:38:06.632,9.324356,-0.000000,-0.000000,-0.000000,0.000000,2.097702,-0.721686,-0.000000,-0.000727,-0.001531,-0.011768,-0.000033,-0.005590,0.003040,0.000205,-0.000048,0.743148,0.136411,9.687107,0.000000,0.000000,0,0,,38.991390,-76.936686,-9.258000,,,
2026-09-11T17:38:06.666,9.357773,-0.000000,-0.000000,-0.000000,0.000000,2.097702,-0.721686,-0.000000,-0.000954,-0.002009,-0.011827,-0.000033,-0.005618,0.004170,-0.001100,-0.000526,0.742461,0.137097,9.687107,0.000000,0.000000,0,0,,38.991390,-76.936686,-9.258000,,,
2026-09-11T17:38:06.699,9.391196,-0.000000,-0.000000,-0.000000,0.000000,2.097702,-0.721686,-0.000000,-0.000125,-0.000262,-0.011865,-0.000033,-0.005636,0.001479,0.000308,0.001221,0.743050,0.129644,9.675829,0.000000,0.000000,0,0,,38.991390,-76.936686,-9.258000,,,
2026-09-11T17:38:06.733,9.424642,-0.000000,-0.000000,-0.000000,0.000000,2.097702,-0.721686,-0.000000,-0.000247,-0.000519,-0.011879,-0.000034,-0.005642,0.010531,-0.000679,0.000964,0.751287,0.147590,9.677987,0.000000,0.000000,0,0,,38.991390,-76.936686,-9.258000,,,
2026-09-11T17:38:06.766,9.458061,-0.000000,-0.000000,-0.000000,0.000000,2.097702,-0.721686,-0.000000,-0.000881,-0.001855,-0.011918,-0.000034,-0.005661,0.007463,-0.000256,-0.000372,0.752758,0.147590,9.677987,0.000000,0.000000,0,0,,38.991390,-76.936686,-9.258000,,,
2026-09-11T17:38:06.800,9.491486,-0.000000,-0.000000,-0.000000,0.000000,2.097702,-0.721686,-0.000000,-0.001707,-0.003593,-0.012009,-0.000034,-0.005704,0.009859,0.000648,-0.002110,0.752758,0.149061,9.678771,0.000000,0.000000,0,0,,38.991390,-76.936686,-9.258000,,,
2026-09-11T17:38:06.833,9.524911,-0.000000,-0.000000,-0.000000,0.000000,2.097702,-0.721686,-0.000000,0.000086,0.000181,-0.012066,-0.000035,-0.005731,0.012072,-0.001321,0.001664,0.752170,0.164065,9.677300,0.000000,0.000000,0,0,,38.991390,-76.936686,-9.258000,,,
2026-09-11T17:38:06.866,9.558335,-0.000000,-0.000000,-0.000000,0.000000,2.097702,-0.721686,-0.000000,-0.000012,-0.000025,-0.012064,-0.000035,-0.005730,0.008090,-0.000056,0.001459,0.743932,0.152886,9.675045,0.000000,0.000000,0,0,,38.991390,-76.936686,-9.258000,,,
2026-09-11T17:38:06.899,9.591758,-0.000000,-0.000000,-0.000000,0.000000,2.097702,-0.721686,-0.000000,-0.001549,-0.003261,-0.012119,-0.000035,-0.005756,0.009596,0.001040,-0.001777,0.737460,0.166419,9.669161,0.000000,0.000000,0,0,,38.991390,-76.936686,-9.258000,,,
2026-09-11T17:38:06.933,9.625177,-0.000000,-0.000000,-0.000000,0.000000,2.097702,-0.721686,-0.000000,0.000218,0.000459,-0.012165,-0.000035,-0.005778,0.006131,-0.000948,0.001943,0.736872,0.183580,9.684950,0.000000,0.000000,0,0,,38.991390,-76.936686,-9.258000,,,
2026-09-11T17:38:06.966,9.658671,-0.000000,-0.000000,-0.000000,0.000000,2.097702,-0.721686,-0.000000,-0.002033,-0.004281,-0.012229,-0.000036,-0.005809,0.002698,0.001933,-0.002797,0.741873,0.169361,9.675829,0.000000,0.000000,0,0,,38.991390,-76.936686,-9.258000,,,
